Timestamp,Symbol,Action,Theo_Price,Real_Price,Slippage_Pts,Qty,SL_Points,Engine,Trade_Duration_Mins,Telemetry,Status,Account_PnL_Context,Trade_Exact_PnL,Rng,A5,RV,Net_Points,R_Multiple,Session_Range,Session_Volume,SMA200,Vol_SMA50,Regime_Dist
2023-08-01 11:01,MCL,SELL,81.07,81.07,0.0,15,,Pit_Brk_S,148.0,"{""Rng"": 0.56, ""A5"": 0.21, ""RV"": 1.08}",CLOSED_LOSS,-1035.0,-1035.0,0.56,0.21,1.08,-0.69,,,,,,
2023-08-08 03:21,MCL,SELL,81.22,81.22,0.0,15,,Lon_Brk_S,133.0,"{""Rng"": 0.31, ""A5"": 0.09, ""RV"": 3.68}",CLOSED_WIN,-405.0,630.0,0.31,0.09,3.68,0.42,,,,,,
2023-08-15 10:00,MCL,SELL,80.93,80.93,0.0,15,,Pit_Brk_S,5.0,"{""Rng"": 1.69, ""A5"": 0.22, ""RV"": 4.06}",CLOSED_WIN,225.0,630.0,1.69,0.22,4.06,0.42,,,,,,
2023-08-21 06:18,MCL,BUY,81.54,81.54,0.0,15,,Lon_Brk_L,213.0,"{""Rng"": 0.61, ""A5"": 0.1, ""RV"": 11.15}",CLOSED_LOSS,-810.0,-1035.0,0.61,0.1,11.15,-0.69,,,,,,
2023-09-20 03:27,MCL,SELL,89.29,89.29,0.0,15,,Lon_Brk_S,177.0,"{""Rng"": 0.52, ""A5"": 0.11, ""RV"": 4.48}",CLOSED_LOSS,-1845.0,-1035.0,0.52,0.11,4.48,-0.69,,,,,,
2023-09-26 03:03,MCL,SELL,88.65,88.65,0.0,15,,Lon_Brk_S,31.0,"{""Rng"": 0.16, ""A5"": 0.09, ""RV"": 1.99}",CLOSED_WIN,-1215.0,630.0,0.16,0.09,1.99,0.42,,,,,,
2023-09-27 04:17,MCL,BUY,91.5,91.5,0.0,15,,Lon_Brk_L,137.0,"{""Rng"": 0.57, ""A5"": 0.11, ""RV"": 1.12}",CLOSED_WIN,-585.0,630.0,0.57,0.11,1.12,0.42,,,,,,
2023-09-28 04:31,MCL,SELL,93.62,93.62,0.0,15,,Lon_Brk_S,110.0,"{""Rng"": 0.93, ""A5"": 0.16, ""RV"": 3.04}",CLOSED_WIN,45.0,630.0,0.93,0.16,3.04,0.42,,,,,,
2023-09-29 09:48,MCL,SELL,91.37,91.37,0.0,15,,Pit_Brk_S,19.0,"{""Rng"": 1.58, ""A5"": 0.24, ""RV"": 3.1}",CLOSED_WIN,675.0,630.0,1.58,0.24,3.1,0.42,,,,,,
2023-10-04 09:35,MCL,SELL,86.86,86.86,0.0,15,,Pit_Brk_S,12.0,"{""Rng"": 1.86, ""A5"": 0.23, ""RV"": 1.68}",CLOSED_WIN,1305.0,630.0,1.86,0.23,1.68,0.42,,,,,,
2023-10-08 21:01,MCL,BUY,86.69,86.69,0.0,15,,Asia_Brk_L,6.0,"{""Rng"": 1.63, ""A5"": 0.22, ""RV"": 9.08}",CLOSED_WIN,1935.0,630.0,1.63,0.22,9.08,0.42,,,,,,
2023-10-10 10:35,MCL,SELL,85.26,85.26,0.0,15,,Pit_Brk_S,96.0,"{""Rng"": 1.44, ""A5"": 0.26, ""RV"": 3.13}",CLOSED_LOSS,900.0,-1035.0,1.44,0.26,3.13,-0.69,,,,,,
2023-10-11 09:27,MCL,SELL,84.94,84.94,0.0,15,,Pit_Brk_S,42.0,"{""Rng"": 1.55, ""A5"": 0.25, ""RV"": 4.75}",CLOSED_WIN,1530.0,630.0,1.55,0.25,4.75,0.42,,,,,,
2023-10-17 11:25,MCL,SELL,86.22,86.22,0.0,15,,Pit_Brk_S,5.0,"{""Rng"": 0.76, ""A5"": 0.26, ""RV"": 2.74}",CLOSED_WIN,2160.0,630.0,0.76,0.26,2.74,0.42,,,,,,
2023-10-18 05:24,MCL,BUY,87.91,87.91,0.0,15,,Lon_Brk_L,4.0,"{""Rng"": 1.11, ""A5"": 0.14, ""RV"": 5.99}",CLOSED_WIN,2790.0,630.0,1.11,0.14,5.99,0.42,,,,,,
2023-10-24 09:25,MCL,SELL,85.03,85.03,0.0,15,,Pit_Brk_S,6.0,"{""Rng"": 1.18, ""A5"": 0.2, ""RV"": 3.02}",CLOSED_WIN,3420.0,630.0,1.18,0.2,3.02,0.42,,,,,,
2023-10-27 04:19,MCL,BUY,84.87,84.87,0.0,15,,Lon_Brk_L,48.0,"{""Rng"": 0.68, ""A5"": 0.13, ""RV"": 4.45}",CLOSED_WIN,4050.0,630.0,0.68,0.13,4.45,0.42,,,,,,
2023-10-31 09:31,MCL,SELL,82.35,82.35,0.0,15,,Pit_Brk_S,20.0,"{""Rng"": 0.81, ""A5"": 0.22, ""RV"": 4.5}",CLOSED_WIN,4680.0,630.0,0.81,0.22,4.5,0.42,,,,,,
2023-11-03 13:02,MCL,BUY,80.72,80.72,0.0,15,,PM_Fade_L,123.0,"{""Rng"": 1.44, ""A5"": 0.28, ""RV"": 1.13}",CLOSED_WIN,5310.0,630.0,1.44,0.28,1.13,0.42,,,,,,
2023-11-07 03:02,MCL,SELL,79.67,79.67,0.0,15,,Lon_Brk_S,59.0,"{""Rng"": 0.33, ""A5"": 0.1, ""RV"": 3.73}",CLOSED_WIN,5940.0,630.0,0.33,0.1,3.73,0.42,,,,,,
2023-11-08 10:55,MCL,SELL,75.84,75.84,0.0,15,,Pit_Brk_S,95.0,"{""Rng"": 1.65, ""A5"": 0.25, ""RV"": 0.76}",CLOSED_WIN,6570.0,630.0,1.65,0.25,0.76,0.42,,,,,,
2023-11-16 13:01,MCL,BUY,72.6,72.6,0.0,15,,PM_Fade_L,74.0,"{""Rng"": 0.9, ""A5"": 0.2, ""RV"": 2.78}",CLOSED_WIN,7200.0,630.0,0.9,0.2,2.78,0.42,,,,,,
2023-11-20 05:56,MCL,BUY,76.93,76.93,0.0,15,,Lon_Brk_L,39.0,"{""Rng"": 0.71, ""A5"": 0.14, ""RV"": 3.48}",CLOSED_WIN,7830.0,630.0,0.71,0.14,3.48,0.42,,,,,,
2023-11-22 10:03,MCL,SELL,73.9,73.9,0.0,15,,Pit_Brk_S,45.0,"{""Rng"": 3.89, ""A5"": 0.31, ""RV"": 4.86}",CLOSED_LOSS,6795.0,-1035.0,3.89,0.31,4.86,-0.69,,,,,,
2023-11-29 10:01,MCL,SELL,76.31,76.31,0.0,15,,Pit_Brk_S,18.0,"{""Rng"": 1.52, ""A5"": 0.19, ""RV"": 4.23}",CLOSED_WIN,7425.0,630.0,1.52,0.19,4.23,0.42,,,,,,
2023-11-30 03:16,MCL,BUY,78.66,78.66,0.0,15,,Lon_Brk_L,137.0,"{""Rng"": 0.37, ""A5"": 0.14, ""RV"": 3.03}",CLOSED_WIN,8055.0,630.0,0.37,0.14,3.03,0.42,,,,,,
2023-12-04 03:03,MCL,SELL,73.3,73.3,0.0,15,,Lon_Brk_S,89.0,"{""Rng"": 0.13, ""A5"": 0.07, ""RV"": 5.33}",CLOSED_WIN,8685.0,630.0,0.13,0.07,5.33,0.42,,,,,,
2023-12-06 09:01,MCL,SELL,71.03,71.03,0.0,15,,Pit_Brk_S,24.0,"{""Rng"": 1.52, ""A5"": 0.19, ""RV"": 6.85}",CLOSED_WIN,9315.0,630.0,1.52,0.19,6.85,0.42,,,,,,
2023-12-08 03:33,MCL,BUY,70.92,70.92,0.0,15,,Lon_Brk_L,115.0,"{""Rng"": 0.43, ""A5"": 0.11, ""RV"": 1.14}",CLOSED_LOSS,8280.0,-1035.0,0.43,0.11,1.14,-0.69,,,,,,
2023-12-12 09:01,MCL,SELL,69.86,69.86,0.0,15,,Pit_Brk_S,12.0,"{""Rng"": 1.83, ""A5"": 0.18, ""RV"": 5.87}",CLOSED_WIN,8910.0,630.0,1.83,0.18,5.87,0.42,,,,,,
2024-01-02 04:24,MCL,BUY,73.09,73.09,0.0,15,,Lon_Brk_L,97.0,"{""Rng"": 0.68, ""A5"": 0.13, ""RV"": 6.46}",CLOSED_WIN,9540.0,630.0,0.68,0.13,6.46,0.42,,,,,,
2024-01-08 05:07,MCL,SELL,72.58,72.58,0.0,15,,Lon_Brk_S,13.0,"{""Rng"": 0.69, ""A5"": 0.12, ""RV"": 7.52}",CLOSED_WIN,10170.0,630.0,0.69,0.12,7.52,0.42,,,,,,
2024-01-10 12:30,MCL,SELL,71.6,71.6,0.0,15,,Pit_Brk_S,27.0,"{""Rng"": 1.81, ""A5"": 0.23, ""RV"": 1.79}",CLOSED_WIN,10800.0,630.0,1.81,0.23,1.79,0.42,,,,,,
2024-01-12 03:24,MCL,BUY,73.98,73.98,0.0,15,,Lon_Brk_L,119.0,"{""Rng"": 0.37, ""A5"": 0.11, ""RV"": 4.14}",CLOSED_WIN,11430.0,630.0,0.37,0.11,4.14,0.42,,,,,,
2024-01-16 10:07,MCL,SELL,72.01,72.01,0.0,15,,Pit_Brk_S,92.0,"{""Rng"": 1.46, ""A5"": 0.22, ""RV"": 1.84}",CLOSED_LOSS,10395.0,-1035.0,1.46,0.22,1.84,-0.69,,,,,,
2024-01-23 09:01,MCL,SELL,73.46,73.46,0.0,15,,Pit_Brk_S,24.0,"{""Rng"": 1.59, ""A5"": 0.14, ""RV"": 6.43}",CLOSED_LOSS,9360.0,-1035.0,1.59,0.14,6.43,-0.69,,,,,,
2024-01-28 20:58,MCL,SELL,78.33,78.33,0.0,15,,Asia_Brk_S,423.0,"{""Rng"": 0.56, ""A5"": 0.15, ""RV"": 0.35}",CLOSED_WIN,9990.0,630.0,0.56,0.15,0.35,0.42,,,,,,
2024-02-01 13:01,MCL,BUY,74.3,74.3,0.0,15,,PM_Fade_L,15.0,"{""Rng"": 1.32, ""A5"": 0.36, ""RV"": 1.78}",CLOSED_WIN,10620.0,630.0,1.32,0.36,1.78,0.42,,,,,,
2024-02-20 10:38,MCL,SELL,77.31,77.31,0.0,15,,Pit_Brk_S,5.0,"{""Rng"": 1.17, ""A5"": 0.2, ""RV"": 1.11}",CLOSED_WIN,11250.0,630.0,1.17,0.2,1.11,0.42,,2.13,18027.0,70.58,4916464.0,2.61
2024-03-08 10:24,MCL,SELL,78.14,78.14,0.0,15,,Pit_Brk_S,54.0,"{""Rng"": 1.78, ""A5"": 0.22, ""RV"": 3.46}",CLOSED_WIN,11880.0,630.0,1.78,0.22,3.46,0.42,,2.43,302001.0,71.24,4807706.0,2.98
2024-04-15 03:07,MCL,SELL,84.86,84.86,0.0,15,,Lon_Brk_S,47.0,"{""Rng"": 0.38, ""A5"": 0.1, ""RV"": 3.91}",CLOSED_WIN,12510.0,630.0,0.38,0.1,3.91,0.42,,2.13,295725.0,73.18,4254624.0,11.57
2024-04-19 06:01,MCL,SELL,81.84,81.84,0.0,15,,Lon_Brk_S,65.0,"{""Rng"": 1.5, ""A5"": 0.2, ""RV"": 7.87}",CLOSED_WIN,13140.0,630.0,1.5,0.2,7.87,0.42,,3.12,32292.0,73.5,4330612.0,7.28
2024-05-01 14:03,MCL,BUY,78.99,78.99,0.0,15,,PM_Fade_L,73.0,"{""Rng"": 0.88, ""A5"": 0.17, ""RV"": 1.61}",CLOSED_WIN,13620.0,480.0,0.88,0.17,1.61,0.32,,2.74,410434.0,74.0,4245406.0,2.61
2024-05-14 10:16,MCL,SELL,78.53,78.53,0.0,15,,Pit_Brk_S,29.0,"{""Rng"": 0.76, ""A5"": 0.2, ""RV"": 0.68}",CLOSED_WIN,14250.0,630.0,0.76,0.2,0.68,0.42,,1.62,278994.0,74.26,4153584.0,1.28
2024-06-03 14:14,MCL,BUY,74.05,74.05,0.0,15,,PM_Fade_L,62.0,"{""Rng"": 0.67, ""A5"": 0.15, ""RV"": 0.91}",CLOSED_WIN,14385.0,135.0,0.67,0.15,0.91,0.09,,3.77,411464.0,74.41,3817652.0,-3.46
2024-07-30 10:22,MCL,SELL,74.95,74.95,0.0,15,,Pit_Brk_S,294.0,"{""Rng"": 0.93, ""A5"": 0.21, ""RV"": 1.09}",CLOSED_LOSS,14280.0,-105.0,0.93,0.21,1.09,-0.07,,1.38,406366.0,74.54,2125882.0,-0.1
2024-07-31 04:32,MCL,BUY,76.4,76.4,0.0,15,,Lon_Brk_L,40.0,"{""Rng"": 0.48, ""A5"": 0.11, ""RV"": 2.2}",CLOSED_WIN,14910.0,630.0,0.48,0.11,2.2,0.42,,2.9,424413.0,74.55,2177156.0,4.28
2024-08-02 09:27,MCL,SELL,74.42,74.42,0.0,15,,Pit_Brk_S,6.0,"{""Rng"": 2.85, ""A5"": 0.27, ""RV"": 1.68}",CLOSED_WIN,15540.0,630.0,2.85,0.27,1.68,0.42,,4.32,421767.0,74.51,2268850.0,-1.5
2024-08-04 21:33,MCL,SELL,73.63,73.63,0.0,15,,Asia_Brk_S,225.0,"{""Rng"": 2.85, ""A5"": 0.21, ""RV"": 0.49}",CLOSED_WIN,16170.0,630.0,2.85,0.21,0.49,0.42,,,,,,
2024-08-07 05:29,MCL,BUY,73.77,73.77,0.0,15,,Lon_Brk_L,57.0,"{""Rng"": 0.75, ""A5"": 0.14, ""RV"": 4.31}",CLOSED_WIN,16800.0,630.0,0.75,0.14,4.31,0.42,,2.81,393346.0,74.41,2405734.0,0.38
2024-08-20 06:52,MCL,BUY,73.92,73.92,0.0,15,,Lon_Brk_L,189.0,"{""Rng"": 1.41, ""A5"": 0.13, ""RV"": 0.48}",CLOSED_WIN,17430.0,630.0,1.41,0.13,0.48,0.42,,1.53,11214.0,74.36,2485106.0,-0.72
2024-09-03 09:04,MCL,SELL,71.66,71.66,0.0,15,,Pit_Brk_S,9.0,"{""Rng"": 2.57, ""A5"": 0.22, ""RV"": 1.32}",CLOSED_WIN,18060.0,630.0,2.57,0.22,1.32,0.42,,4.57,423006.0,74.45,2708662.0,-4.52
2024-09-10 10:06,MCL,SELL,67.49,67.49,0.0,15,,Pit_Brk_S,3.0,"{""Rng"": 1.09, ""A5"": 0.22, ""RV"": 4.58}",CLOSED_WIN,18690.0,630.0,1.09,0.22,4.58,0.42,,3.54,415751.0,74.4,2933026.0,-10.0
2024-09-12 03:28,MCL,BUY,68.38,68.38,0.0,15,,Lon_Brk_L,445.0,"{""Rng"": 0.26, ""A5"": 0.08, ""RV"": 3.69}",CLOSED_WIN,19320.0,630.0,0.26,0.08,3.69,0.42,,2.17,313901.0,74.38,3007496.0,-6.03
2024-09-19 03:01,MCL,BUY,70.56,70.56,0.0,15,,Lon_Brk_L,77.0,"{""Rng"": 0.08, ""A5"": 0.07, ""RV"": 4.31}",CLOSED_WIN,19950.0,630.0,0.08,0.07,4.31,0.42,,1.72,45979.0,74.39,3114396.0,-2.21
2024-09-24 11:47,MCL,SELL,71.24,71.24,0.0,15,,Pit_Brk_S,209.0,"{""Rng"": 1.07, ""A5"": 0.2, ""RV"": 0.36}",CLOSED_LOSS,19305.0,-645.0,1.07,0.2,0.36,-0.43,,1.34,297022.0,74.48,3081782.0,-1.6
2024-09-25 12:20,MCL,SELL,69.49,69.49,0.0,15,,Pit_Brk_S,176.0,"{""Rng"": 1.76, ""A5"": 0.27, ""RV"": 12.17}",CLOSED_LOSS,18915.0,-390.0,1.76,0.27,12.17,-0.26,,2.38,453900.0,74.51,3110922.0,-4.07
2024-09-30 06:56,MCL,SELL,67.85,67.85,0.0,15,,Lon_Brk_S,148.0,"{""Rng"": 1.4, ""A5"": 0.15, ""RV"": 6.85}",CLOSED_LOSS,17880.0,-1035.0,1.4,0.15,6.85,-0.69,,1.75,304216.0,74.57,3183446.0,-6.24
2024-10-02 11:00,MCL,SELL,70.86,70.86,0.0,15,,Pit_Brk_S,19.0,"{""Rng"": 1.55, ""A5"": 0.28, ""RV"": 0.82}",CLOSED_WIN,18510.0,630.0,1.55,0.28,0.82,0.42,,2.62,398461.0,74.63,3450592.0,-2.51
2024-10-07 03:09,MCL,BUY,74.62,74.62,0.0,15,,Lon_Brk_L,23.0,"{""Rng"": 0.34, ""A5"": 0.09, ""RV"": 2.18}",CLOSED_WIN,19140.0,630.0,0.34,0.09,2.18,0.42,,4.4,407477.0,74.77,3674602.0,5.93
2024-10-08 05:01,MCL,SELL,75.16,75.16,0.0,15,,Lon_Brk_S,124.0,"{""Rng"": 0.95, ""A5"": 0.2, ""RV"": 5.56}",CLOSED_LOSS,18105.0,-1035.0,0.95,0.2,5.56,-0.69,,3.49,427955.0,74.8,3796454.0,1.32
2024-10-09 09:11,MCL,SELL,72.78,72.78,0.0,15,,Pit_Brk_S,3.0,"{""Rng"": 1.59, ""A5"": 0.22, ""RV"": 4.01}",CLOSED_WIN,18735.0,630.0,1.59,0.22,4.01,0.42,,2.92,357953.0,74.83,3860392.0,0.56
2024-10-14 05:05,MCL,SELL,73.88,73.88,0.0,15,,Lon_Brk_S,49.0,"{""Rng"": 0.76, ""A5"": 0.19, ""RV"": 10.88}",CLOSED_WIN,19365.0,630.0,0.76,0.19,10.88,0.42,,3.46,247529.0,74.95,3838414.0,1.31
2024-10-15 04:02,MCL,SELL,70.73,70.73,0.0,15,,Lon_Brk_S,61.0,"{""Rng"": 0.5, ""A5"": 0.14, ""RV"": 2.77}",CLOSED_WIN,19995.0,630.0,0.5,0.14,2.77,0.42,,1.96,290952.0,74.98,3841958.0,-2.96
2024-10-28 05:11,MCL,SELL,67.73,67.73,0.0,15,,Lon_Brk_S,35.0,"{""Rng"": 1.07, ""A5"": 0.13, ""RV"": 5.52}",CLOSED_WIN,20625.0,630.0,1.07,0.13,5.52,0.42,,1.86,340337.0,75.22,3929482.0,-6.37
2024-11-06 08:06,MCL,SELL,70.19,70.19,0.0,15,,Lon_Brk_S,11.0,"{""Rng"": 1.22, ""A5"": 0.16, ""RV"": 2.69}",CLOSED_WIN,21255.0,630.0,1.22,0.16,2.69,0.42,,2.89,352509.0,75.37,4081484.0,-1.1
2024-11-18 03:14,MCL,BUY,67.29,67.29,0.0,15,,Lon_Brk_L,356.0,"{""Rng"": 0.14, ""A5"": 0.07, ""RV"": 4.17}",CLOSED_WIN,21885.0,630.0,0.14,0.07,4.17,0.42,,2.71,84538.0,75.39,3976956.0,-4.4
2025-01-14 09:58,MCL,SELL,77.89,77.89,0.0,15,,Pit_Brk_S,103.0,"{""Rng"": 1.05, ""A5"": 0.2, ""RV"": 3.31}",CLOSED_WIN,22515.0,630.0,1.05,0.2,3.31,0.42,,1.71,293487.0,75.42,2850838.0,8.29
2025-02-24 05:09,MCL,BUY,70.51,70.51,0.0,15,,Lon_Brk_L,607.0,"{""Rng"": 0.51, ""A5"": 0.08, ""RV"": 4.42}",CLOSED_WIN,22620.0,105.0,0.51,0.08,4.42,0.07,,1.25,184577.0,75.21,2685648.0,1.01
2025-04-03 03:12,MCL,SELL,69.09,69.09,0.0,15,,Lon_Brk_S,162.0,"{""Rng"": 0.47, ""A5"": 0.1, ""RV"": 13.79}",CLOSED_WIN,23250.0,630.0,0.47,0.1,13.79,0.42,,4.09,395942.0,75.0,2704406.0,-3.66
2025-04-04 10:47,MCL,SELL,60.76,60.76,0.0,15,,Pit_Brk_S,14.0,"{""Rng"": 5.11, ""A5"": 0.3, ""RV"": 3.66}",CLOSED_LOSS,22215.0,-1035.0,5.11,0.3,3.66,-0.69,,5.99,511960.0,74.95,2814740.0,-9.38
2025-04-09 20:33,MCL,SELL,62.51,62.51,0.0,15,,Asia_Brk_S,27.0,"{""Rng"": 3.15, ""A5"": 0.16, ""RV"": 3.67}",CLOSED_WIN,22845.0,630.0,3.15,0.16,3.67,0.42,,8.22,540692.0,74.75,3337212.0,-9.59
2025-04-10 21:38,MCL,SELL,59.74,59.74,0.0,15,,Asia_Brk_S,229.0,"{""Rng"": 2.21, ""A5"": 0.15, ""RV"": 0.84}",CLOSED_LOSS,21810.0,-1035.0,2.21,0.15,0.84,-0.69,,3.52,344032.0,74.68,3435736.0,-12.53
2025-04-14 06:51,MCL,BUY,62.19,62.19,0.0,15,,Lon_Brk_L,22.0,"{""Rng"": 0.96, ""A5"": 0.11, ""RV"": 1.21}",CLOSED_WIN,22440.0,630.0,0.96,0.11,1.21,0.42,,2.09,202490.0,74.56,3470834.0,-10.59
2025-04-16 04:29,MCL,BUY,61.83,61.83,0.0,15,,Lon_Brk_L,259.0,"{""Rng"": 1.26, ""A5"": 0.11, ""RV"": 11.08}",CLOSED_WIN,23070.0,630.0,1.26,0.11,11.08,0.42,,2.79,185181.0,74.43,3408718.0,-8.97
2025-04-23 10:12,MCL,SELL,62.08,62.08,0.0,15,,Pit_Brk_S,4.0,"{""Rng"": 2.25, ""A5"": 0.27, ""RV"": 11.2}",CLOSED_WIN,23700.0,630.0,2.25,0.27,11.2,0.42,,3.34,364772.0,74.18,3639624.0,-8.26
2025-05-05 03:23,MCL,BUY,57.04,57.04,0.0,15,,Lon_Brk_L,154.0,"{""Rng"": 0.58, ""A5"": 0.11, ""RV"": 4.38}",CLOSED_WIN,24330.0,630.0,0.58,0.11,4.38,0.42,,2.24,252049.0,73.6,4211294.0,-15.26
2025-05-06 03:02,MCL,BUY,58.33,58.33,0.0,15,,Lon_Brk_L,126.0,"{""Rng"": 0.11, ""A5"": 0.07, ""RV"": 1.17}",CLOSED_WIN,24960.0,630.0,0.11,0.07,1.17,0.42,,1.93,307841.0,73.52,4267592.0,-12.14
2025-05-15 03:11,MCL,SELL,60.95,60.95,0.0,15,,Lon_Brk_S,122.0,"{""Rng"": 0.36, ""A5"": 0.17, ""RV"": 1.89}",CLOSED_WIN,25590.0,630.0,0.36,0.17,1.89,0.42,,1.57,200148.0,73.18,4472034.0,-7.64
2025-05-19 06:18,MCL,SELL,61.07,61.07,0.0,15,,Lon_Brk_S,144.0,"{""Rng"": 0.68, ""A5"": 0.1, ""RV"": 4.47}",CLOSED_LOSS,24555.0,-1035.0,0.68,0.1,4.47,-0.69,,1.83,55009.0,73.1,4505472.0,-6.28
2025-05-22 03:12,MCL,SELL,60.44,60.44,0.0,15,,Lon_Brk_S,69.0,"{""Rng"": 0.24, ""A5"": 0.14, ""RV"": 0.76}",CLOSED_LOSS,23520.0,-1035.0,0.24,0.14,0.76,-0.69,,1.5,230326.0,73.01,4619944.0,-8.03
2025-05-29 03:07,MCL,BUY,63.03,63.03,0.0,15,,Lon_Brk_L,207.0,"{""Rng"": 0.14, ""A5"": 0.06, ""RV"": 4.56}",CLOSED_LOSS,22485.0,-1035.0,0.14,0.06,4.56,-0.69,,2.57,267601.0,72.86,4769840.0,-7.79
2025-06-02 04:10,MCL,BUY,62.77,62.77,0.0,15,,Lon_Brk_L,149.0,"{""Rng"": 0.51, ""A5"": 0.13, ""RV"": 6.13}",CLOSED_WIN,23115.0,630.0,0.51,0.13,6.13,0.42,,1.69,348397.0,72.77,5002796.0,-4.42
2025-06-11 20:31,MCL,SELL,68.28,68.28,0.0,15,,Asia_Brk_S,45.0,"{""Rng"": 1.82, ""A5"": 0.19, ""RV"": 1.9}",CLOSED_WIN,23745.0,630.0,1.82,0.19,1.9,0.42,,4.62,369288.0,72.64,5363446.0,3.01
2025-06-16 10:02,MCL,BUY,69.82,69.82,0.0,14,,Pit_Fade_L,0.0,"{""Rng"": 2.65, ""A5"": 0.46, ""RV"": 4.84}",CLOSED_WIN,24375.0,630.0,2.65,0.46,4.84,0.45,,4.62,299392.0,72.66,6852414.0,8.17
2025-06-17 21:02,MCL,SELL,73.22,73.22,0.0,15,,Asia_Brk_S,254.0,"{""Rng"": 2.0, ""A5"": 0.15, ""RV"": 4.0}",CLOSED_WIN,25005.0,630.0,2.0,0.15,4.0,0.42,,4.51,101145.0,72.69,7190802.0,13.22
2025-06-19 20:06,MCL,BUY,73.9,73.9,0.0,15,,Asia_Brk_L,348.0,"{""Rng"": 1.16, ""A5"": 0.23, ""RV"": 3.53}",CLOSED_LOSS,23970.0,-1035.0,1.16,0.23,3.53,-0.69,,,,,,
2025-06-23 03:09,MCL,SELL,74.48,74.48,0.0,15,,Lon_Brk_S,6.0,"{""Rng"": 0.6, ""A5"": 0.17, ""RV"": 4.14}",CLOSED_WIN,24600.0,630.0,0.6,0.17,4.14,0.42,,11.01,685912.0,72.79,8592148.0,4.97
2025-06-24 09:17,MCL,SELL,65.09,65.09,0.0,15,,Pit_Brk_S,154.0,"{""Rng"": 1.55, ""A5"": 0.28, ""RV"": 10.14}",CLOSED_WIN,25230.0,630.0,1.55,0.28,10.14,0.42,,2.96,420190.0,72.81,8782606.0,0.27
2025-07-07 03:07,MCL,BUY,66.46,66.46,0.0,15,,Lon_Brk_L,98.0,"{""Rng"": 0.17, ""A5"": 0.07, ""RV"": 3.74}",CLOSED_WIN,25860.0,630.0,0.17,0.07,3.74,0.42,,2.33,231304.0,73.01,9294998.0,4.75
2025-08-04 03:09,MCL,BUY,67.69,67.69,0.0,15,,Lon_Brk_L,80.0,"{""Rng"": 0.16, ""A5"": 0.07, ""RV"": 3.41}",CLOSED_LOSS,24825.0,-1035.0,0.16,0.07,3.41,-0.69,,2.28,248111.0,73.31,9345056.0,3.82
2025-09-03 10:02,MCL,SELL,63.97,63.97,0.0,15,,Pit_Brk_S,114.0,"{""Rng"": 1.51, ""A5"": 0.14, ""RV"": 7.83}",CLOSED_LOSS,23790.0,-1035.0,1.51,0.14,7.83,-0.69,,2.08,273808.0,73.46,5581616.0,1.86
2025-09-05 10:58,MCL,SELL,61.73,61.73,0.0,15,,Pit_Brk_S,259.0,"{""Rng"": 1.74, ""A5"": 0.17, ""RV"": 4.35}",CLOSED_LOSS,23280.0,-510.0,1.74,0.17,4.35,-0.34,,2.04,262707.0,73.48,5203296.0,-1.16
2025-09-08 05:14,MCL,BUY,63.11,63.11,0.0,15,,Lon_Brk_L,270.0,"{""Rng"": 0.39, ""A5"": 0.09, ""RV"": 7.89}",CLOSED_LOSS,22245.0,-1035.0,0.39,0.09,7.89,-0.69,,1.39,203430.0,73.5,5091864.0,-0.63
2025-10-06 03:04,MCL,BUY,61.98,61.98,0.0,15,,Lon_Brk_L,281.0,"{""Rng"": 0.26, ""A5"": 0.08, ""RV"": 3.01}",CLOSED_LOSS,21210.0,-1035.0,0.26,0.08,3.01,-0.69,,1.06,184767.0,73.69,4984306.0,-1.12
2025-10-13 04:57,MCL,BUY,60.02,60.02,0.0,15,,Lon_Brk_L,205.0,"{""Rng"": 0.44, ""A5"": 0.12, ""RV"": 1.53}",CLOSED_LOSS,20175.0,-1035.0,0.44,0.12,1.53,-0.69,,0.96,204808.0,73.66,4955686.0,-4.59
2025-10-22 08:13,MCL,BUY,58.5,58.5,0.0,15,,Lon_Brk_L,418.0,"{""Rng"": 0.61, ""A5"": 0.1, ""RV"": 2.06}",CLOSED_WIN,20805.0,630.0,0.61,0.1,2.06,0.42,,2.5,392848.0,73.44,5308126.0,-3.82
2025-10-23 04:33,MCL,BUY,60.97,60.97,0.0,15,,Lon_Brk_L,34.0,"{""Rng"": 0.58, ""A5"": 0.13, ""RV"": 4.4}",CLOSED_WIN,21435.0,630.0,0.58,0.13,4.4,0.42,,1.97,660567.0,73.42,5386282.0,-0.17
2025-12-17 04:00,MCL,BUY,56.15,56.15,0.0,15,,Lon_Brk_L,676.0,"{""Rng"": 0.43, ""A5"": 0.1, ""RV"": 17.61}",CLOSED_WIN,21525.0,90.0,0.43,0.1,17.61,0.06,,1.27,439928.0,72.08,5333440.0,-5.68
2026-01-05 06:44,MCL,BUY,57.76,57.76,0.0,15,,Lon_Brk_L,167.0,"{""Rng"": 1.44, ""A5"": 0.09, ""RV"": 7.65}",CLOSED_WIN,22155.0,630.0,1.44,0.09,7.65,0.42,,2.2,255035.0,71.93,4636984.0,-2.38
2026-01-15 04:39,MCL,SELL,59.68,59.68,0.0,15,,Lon_Brk_S,17.0,"{""Rng"": 0.46, ""A5"": 0.12, ""RV"": 1.08}",CLOSED_WIN,22785.0,630.0,0.46,0.12,1.08,0.42,,1.54,341755.0,71.76,5000126.0,-0.88
2026-01-29 03:48,MCL,BUY,64.55,64.55,0.0,15,,Lon_Brk_L,63.0,"{""Rng"": 0.51, ""A5"": 0.1, ""RV"": 7.58}",CLOSED_WIN,23415.0,630.0,0.51,0.1,7.58,0.42,,2.84,543817.0,71.98,5464970.0,9.95
2026-02-05 07:03,MCL,BUY,64.67,64.67,0.0,15,,Lon_Brk_L,28.0,"{""Rng"": 0.72, ""A5"": 0.14, ""RV"": 1.43}",CLOSED_LOSS,22380.0,-1035.0,0.72,0.14,1.43,-0.69,,2.36,348327.0,72.22,6026552.0,6.19
2026-02-17 10:23,MCL,SELL,62.3,62.3,0.0,15,,Pit_Brk_S,18.0,"{""Rng"": 1.82, ""A5"": 0.22, ""RV"": 0.6}",CLOSED_WIN,23010.0,630.0,1.82,0.22,0.6,0.42,,2.2,279141.0,72.56,6400160.0,4.37
2026-02-19 03:25,MCL,BUY,65.83,65.83,0.0,15,,Lon_Brk_L,34.0,"{""Rng"": 0.21, ""A5"": 0.1, ""RV"": 1.02}",CLOSED_WIN,23640.0,630.0,0.21,0.1,1.02,0.42,,1.73,426803.0,72.72,6674926.0,11.65
2026-03-02 11:50,MCL,BUY,70.54,70.54,0.0,15,,Pit_Fade_L,98.0,"{""Rng"": 2.23, ""A5"": 0.42, ""RV"": 5.05}",CLOSED_WIN,24270.0,630.0,2.23,0.42,5.05,0.42,,3.28,664691.0,73.28,7955872.0,18.99
2026-03-02 20:01,MCL,BUY,71.96,71.96,0.0,15,,Asia_Brk_L,80.0,"{""Rng"": 2.23, ""A5"": 0.23, ""RV"": 10.2}",CLOSED_WIN,24900.0,630.0,2.23,0.23,10.2,0.42,,3.28,664691.0,73.28,7955872.0,18.99
2026-03-04 00:20,MCL,BUY,75.78,75.78,0.0,15,,Asia_Brk_L,28.0,"{""Rng"": 4.11, ""A5"": 0.21, ""RV"": 7.06}",CLOSED_WIN,25530.0,630.0,4.11,0.21,7.06,0.42,,4.37,578995.0,73.5,9290740.0,24.57
2026-03-05 01:55,MCL,BUY,76.6,76.6,0.0,15,,Asia_Brk_L,22.0,"{""Rng"": 3.99, ""A5"": 0.31, ""RV"": 2.82}",CLOSED_WIN,26160.0,630.0,3.99,0.31,2.82,0.42,,7.19,663255.0,73.64,10156900.0,30.78
2026-03-08 21:46,MCL,BUY,111.48,111.48,0.0,7,,Asia_Brk_L,0.0,"{""Rng"": 6.94, ""A5"": 0.95, ""RV"": 3.92}",CLOSED_WIN,26790.0,630.0,6.94,0.95,3.92,0.9,,,,,,
2026-03-11 10:01,MCL,SELL,82.25,82.25,0.0,7,,Pit_Brk_S,0.0,"{""Rng"": 5.6, ""A5"": 0.89, ""RV"": 2.3}",CLOSED_LOSS,25775.0,-1015.0,5.6,0.89,2.3,-1.45,,13.97,512196.0,74.42,18456790.0,45.19
2026-03-11 22:34,MCL,BUY,94.55,94.55,0.0,12,,Asia_Brk_L,2.0,"{""Rng"": 5.6, ""A5"": 0.55, ""RV"": 3.59}",CLOSED_WIN,26399.0,624.0,5.6,0.55,3.59,0.52,,13.97,512196.0,74.42,18456790.0,45.19
2026-03-16 09:33,MCL,BUY,94.38,94.38,0.0,11,,Pit_Fade_L,4.0,"{""Rng"": 6.5, ""A5"": 0.57, ""RV"": 1.29}",CLOSED_WIN,27026.0,627.0,6.5,0.57,1.29,0.57,,8.1,381746.0,75.17,22715316.0,53.02
2026-03-16 20:02,MCL,BUY,95.39,95.39,0.0,15,,Asia_Brk_L,36.0,"{""Rng"": 6.5, ""A5"": 0.33, ""RV"": 3.79}",CLOSED_WIN,27656.0,630.0,6.5,0.33,3.79,0.42,,8.1,381746.0,75.17,22715316.0,53.02
2026-03-18 20:01,MCL,BUY,98.97,98.97,0.0,15,,Asia_Brk_L,4.0,"{""Rng"": 4.72, ""A5"": 0.42, ""RV"": 5.31}",CLOSED_LOSS,26621.0,-1035.0,4.72,0.42,5.31,-0.69,,8.33,616426.0,75.7,24730836.0,60.72
2026-03-23 20:01,MCL,BUY,89.72,89.72,0.0,15,,Asia_Brk_L,14.0,"{""Rng"": 17.31, ""A5"": 0.29, ""RV"": 5.37}",CLOSED_WIN,27251.0,630.0,17.31,0.29,5.37,0.42,,17.3,609339.0,76.4,29125374.0,44.7
2026-03-25 22:34,MCL,BUY,91.64,91.64,0.0,15,,Asia_Brk_L,26.0,"{""Rng"": 2.93, ""A5"": 0.21, ""RV"": 5.14}",CLOSED_WIN,27881.0,630.0,2.93,0.21,5.14,0.42,,5.64,355108.0,76.84,30704806.0,47.57
2026-03-26 20:04,MCL,SELL,92.85,92.85,0.0,15,,Asia_Brk_S,18.0,"{""Rng"": 2.54, ""A5"": 0.26, ""RV"": 3.01}",CLOSED_LOSS,26846.0,-1035.0,2.54,0.26,3.01,-0.69,,5.93,330936.0,77.06,31338894.0,52.16
2026-03-31 21:17,MCL,BUY,102.94,102.94,0.0,15,,Asia_Brk_L,238.0,"{""Rng"": 3.97, ""A5"": 0.29, ""RV"": 2.72}",CLOSED_LOSS,25811.0,-1035.0,3.97,0.29,2.72,-0.69,,5.6,433843.0,77.86,33445432.0,63.43
2026-04-01 21:04,MCL,BUY,99.51,99.51,0.0,15,,Asia_Brk_L,0.0,"{""Rng"": 4.39, ""A5"": 0.36, ""RV"": 7.52}",CLOSED_WIN,26441.0,630.0,4.39,0.36,7.52,0.42,,8.33,428387.0,78.08,34199628.0,58.92
2026-04-06 21:35,MCL,BUY,114.0,114.0,0.0,15,,Asia_Brk_L,2.0,"{""Rng"": 2.86, ""A5"": 0.38, ""RV"": 2.69}",CLOSED_WIN,27071.0,630.0,2.86,0.38,2.69,0.42,,6.85,222514.0,78.66,35860316.0,76.63
2026-04-08 09:04,MCL,SELL,92.11,92.11,0.0,10,,Pit_Brk_S,25.0,"{""Rng"": 4.48, ""A5"": 0.64, ""RV"": 1.22}",CLOSED_LOSS,26051.0,-1020.0,4.48,0.64,1.22,-1.02,,6.53,431506.0,79.15,37729752.0,57.4
2026-04-09 01:03,MCL,BUY,97.92,97.92,0.0,15,,Asia_Brk_L,57.0,"{""Rng"": 4.48, ""A5"": 0.2, ""RV"": 2.72}",CLOSED_LOSS,25016.0,-1035.0,4.48,0.2,2.72,-0.69,,7.45,382838.0,79.4,38490756.0,59.9
2026-04-09 21:03,MCL,BUY,99.24,99.24,0.0,15,,Asia_Brk_L,29.0,"{""Rng"": 3.02, ""A5"": 0.26, ""RV"": 2.16}",CLOSED_LOSS,23981.0,-1035.0,3.02,0.26,2.16,-0.69,,7.45,382838.0,79.4,38490756.0,59.9
2026-04-13 09:52,MCL,BUY,101.29,101.29,0.0,15,,Pit_Fade_L,1.0,"{""Rng"": 1.87, ""A5"": 0.43, ""RV"": 3.19}",CLOSED_WIN,24611.0,630.0,1.87,0.43,3.19,0.42,,9.3,290050.0,79.94,38868940.0,60.72
2026-04-14 09:38,MCL,SELL,95.03,95.03,0.0,15,,Pit_Brk_S,22.0,"{""Rng"": 2.76, ""A5"": 0.41, ""RV"": 1.46}",CLOSED_WIN,25241.0,630.0,2.76,0.41,1.46,0.42,,11.01,268859.0,80.19,38931928.0,54.45
2026-04-17 09:09,MCL,SELL,81.53,81.53,0.0,9,,Pit_Brk_S,1.0,"{""Rng"": 8.44, ""A5"": 0.7, ""RV"": 1.67}",CLOSED_WIN,25871.0,630.0,8.44,0.7,1.67,0.7,,11.37,440749.0,80.91,39507760.0,43.42
2026-04-20 09:10,MCL,BUY,86.31,86.31,0.0,14,,Pit_Fade_L,21.0,"{""Rng"": 1.81, ""A5"": 0.47, ""RV"": 4.28}",CLOSED_LOSS,24835.0,-1036.0,1.81,0.47,4.28,-0.74,,5.39,238359.0,81.14,39692868.0,49.53
2026-04-22 20:10,MCL,BUY,93.56,93.56,0.0,15,,Asia_Brk_L,1.0,"{""Rng"": 3.11, ""A5"": 0.21, ""RV"": 14.49}",CLOSED_WIN,25465.0,630.0,3.11,0.21,14.49,0.42,,9.58,306722.0,81.67,40199696.0,58.45
2026-04-23 20:50,MCL,BUY,97.36,97.36,0.0,15,,Asia_Brk_L,22.0,"{""Rng"": 3.41, ""A5"": 0.23, ""RV"": 3.1}",CLOSED_LOSS,24430.0,-1035.0,3.41,0.23,3.1,-0.69,,6.09,314873.0,81.96,40452488.0,64.38
2026-04-28 20:52,MCL,SELL,99.28,99.28,0.0,15,,Asia_Brk_S,15.0,"{""Rng"": 3.7, ""A5"": 0.17, ""RV"": 1.09}",CLOSED_LOSS,23395.0,-1035.0,3.7,0.17,1.09,-0.69,,4.53,267316.0,82.84,40637788.0,68.52
2026-04-30 00:13,MCL,BUY,109.85,109.85,0.0,15,,Asia_Brk_L,8.0,"{""Rng"": 4.02, ""A5"": 0.39, ""RV"": 8.78}",CLOSED_WIN,24025.0,630.0,4.02,0.39,8.78,0.42,,7.59,296443.0,83.58,40756516.0,76.0
2026-04-30 22:32,MCL,BUY,106.16,106.16,0.0,15,,Asia_Brk_L,26.0,"{""Rng"": 5.36, ""A5"": 0.22, ""RV"": 4.63}",CLOSED_LOSS,22990.0,-1035.0,5.36,0.22,4.63,-0.69,,7.59,296443.0,83.58,40756516.0,76.0
2026-05-04 02:34,MCL,BUY,101.8,101.8,0.0,15,,Asia_Brk_L,8.0,"{""Rng"": 3.98, ""A5"": 0.31, ""RV"": 2.45}",CLOSED_WIN,23620.0,630.0,3.98,0.31,2.45,0.42,,7.34,299535.0,84.27,40891994.0,75.16
2026-05-05 09:09,MCL,SELL,102.26,102.26,0.0,15,,Pit_Brk_S,53.0,"{""Rng"": 2.51, ""A5"": 0.38, ""RV"": 4.56}",CLOSED_WIN,24250.0,630.0,2.51,0.38,4.56,0.42,,6.23,220014.0,84.61,40944190.0,70.39
2026-05-06 14:15,MCL,BUY,94.67,94.67,0.0,15,,PM_Fade_L,12.0,"{""Rng"": 12.53, ""A5"": 0.38, ""RV"": 1.37}",CLOSED_WIN,24880.0,630.0,12.53,0.38,1.37,0.42,,12.71,375299.0,84.9,40981906.0,57.77
2026-05-06 21:45,MCL,SELL,95.56,95.56,0.0,15,,Asia_Brk_S,17.0,"{""Rng"": 12.53, ""A5"": 0.25, ""RV"": 1.93}",CLOSED_WIN,25510.0,630.0,12.53,0.25,1.93,0.42,,12.71,375299.0,84.9,40981906.0,57.77
2026-05-10 20:44,MCL,BUY,99.02,99.02,0.0,15,,Asia_Brk_L,8.0,"{""Rng"": 2.14, ""A5"": 0.24, ""RV"": 3.57}",CLOSED_WIN,26140.0,630.0,2.14,0.24,3.57,0.42,,,,,,
2026-05-12 20:20,MCL,SELL,101.6,101.6,0.0,15,,Asia_Brk_S,19.0,"{""Rng"": 1.83, ""A5"": 0.17, ""RV"": 3.96}",CLOSED_WIN,26770.0,630.0,1.83,0.17,3.96,0.42,,4.05,191313.0,86.15,40117628.0,67.49
2026-05-14 02:43,MCL,SELL,100.7,100.7,0.0,15,,Asia_Brk_S,1.0,"{""Rng"": 2.11, ""A5"": 0.16, ""RV"": 5.72}",CLOSED_WIN,27400.0,630.0,2.11,0.16,5.72,0.42,,3.53,148873.0,86.79,38728042.0,64.76
2026-05-17 21:03,MCL,BUY,103.1,103.1,0.0,15,,Asia_Brk_L,10.0,"{""Rng"": 2.56, ""A5"": 0.21, ""RV"": 2.23}",CLOSED_WIN,28030.0,630.0,2.56,0.21,2.23,0.42,,,,,,
2026-05-18 21:06,MCL,BUY,102.85,102.85,0.0,15,,Asia_Brk_L,257.0,"{""Rng"": 4.64, ""A5"": 0.22, ""RV"": 2.61}",CLOSED_WIN,28660.0,630.0,4.64,0.22,2.61,0.42,,6.61,309069.0,87.48,36735488.0,70.66
2026-05-19 21:51,MCL,SELL,103.4,103.4,0.0,15,,Asia_Brk_S,40.0,"{""Rng"": 1.65, ""A5"": 0.2, ""RV"": 10.56}",CLOSED_LOSS,27625.0,-1035.0,1.65,0.2,10.56,-0.69,,2.3,189735.0,87.86,33970346.0,74.1
2026-05-20 21:10,MCL,SELL,98.71,98.71,0.0,15,,Asia_Brk_S,261.0,"{""Rng"": 2.47, ""A5"": 0.23, ""RV"": 3.7}",CLOSED_LOSS,26590.0,-1035.0,2.47,0.23,3.7,-0.69,,7.07,296793.0,88.2,31493794.0,63.58
2026-05-21 23:12,MCL,SELL,97.28,97.28,0.0,15,,Asia_Brk_S,69.0,"{""Rng"": 4.08, ""A5"": 0.17, ""RV"": 2.45}",CLOSED_WIN,27220.0,630.0,4.08,0.17,2.45,0.42,,6.9,324711.0,88.53,30079292.0,61.0
2026-05-26 20:17,MCL,SELL,93.08,93.08,0.0,15,,Asia_Brk_S,49.0,"{""Rng"": 2.1, ""A5"": 0.18, ""RV"": 0.61}",CLOSED_WIN,27850.0,630.0,2.1,0.18,0.61,0.42,,3.3,207401.0,89.19,27314452.0,53.61
2026-05-28 10:13,MCL,SELL,89.08,89.08,0.0,15,,Pit_Brk_S,0.0,"{""Rng"": 1.71, ""A5"": 0.27, ""RV"": 2.64}",CLOSED_WIN,28480.0,630.0,1.71,0.27,2.64,0.42,,5.41,203137.0,89.76,25493638.0,45.7
2026-05-28 20:26,MCL,SELL,87.97,87.97,0.0,15,,Asia_Brk_S,161.0,"{""Rng"": 1.71, ""A5"": 0.19, ""RV"": 9.76}",CLOSED_WIN,29110.0,630.0,1.71,0.19,9.76,0.42,,5.41,203137.0,89.76,25493638.0,45.7
2026-06-01 21:37,MCL,SELL,91.61,91.61,0.0,15,,Asia_Brk_S,158.0,"{""Rng"": 2.04, ""A5"": 0.26, ""RV"": 3.48}",CLOSED_WIN,29740.0,630.0,2.04,0.26,3.48,0.42,,5.52,281018.0,90.36,22543134.0,49.96
2026-06-03 09:08,MCL,SELL,95.3,95.3,0.0,15,,Pit_Brk_S,22.0,"{""Rng"": 1.68, ""A5"": 0.3, ""RV"": 4.78}",CLOSED_WIN,30370.0,630.0,1.68,0.3,4.78,0.42,,2.66,223589.0,91.01,19897510.0,54.77
2026-06-05 09:32,MCL,SELL,91.48,91.48,0.0,15,,Pit_Brk_S,30.0,"{""Rng"": 2.23, ""A5"": 0.33, ""RV"": 3.22}",CLOSED_WIN,31000.0,630.0,2.23,0.33,3.22,0.42,,3.95,207192.0,91.64,18262424.0,45.16
2026-06-07 21:26,MCL,BUY,94.29,94.29,0.0,15,,Asia_Brk_L,4.0,"{""Rng"": 2.23, ""A5"": 0.33, ""RV"": 3.53}",CLOSED_WIN,31630.0,630.0,2.23,0.33,3.53,0.42,,,,,,
2026-06-08 21:00,MCL,SELL,91.02,91.02,0.0,15,,Asia_Brk_S,49.0,"{""Rng"": 4.48, ""A5"": 0.18, ""RV"": 1.33}",CLOSED_WIN,32260.0,630.0,4.48,0.18,1.33,0.42,,5.62,220853.0,91.94,17505738.0,46.99
2026-06-11 21:01,MCL,BUY,86.83,86.83,0.0,15,,Asia_Brk_L,188.0,"{""Rng"": 2.8, ""A5"": 0.2, ""RV"": 6.87}",CLOSED_LOSS,31225.0,-1035.0,2.8,0.2,6.87,-0.69,,6.82,269489.0,92.79,15442594.0,38.83
2026-06-15 21:50,MCL,SELL,80.88,80.88,0.0,15,,Asia_Brk_S,213.0,"{""Rng"": 1.2, ""A5"": 0.16, ""RV"": 1.86}",CLOSED_WIN,31855.0,630.0,1.2,0.16,1.86,0.42,,1.91,161454.0,93.28,13544390.0,29.94
2026-06-17 02:15,MCL,SELL,75.48,75.48,0.0,15,,Asia_Brk_S,22.0,"{""Rng"": 3.72, ""A5"": 0.19, ""RV"": 0.51}",CLOSED_WIN,32485.0,630.0,3.72,0.19,0.51,0.42,,5.09,219280.0,93.68,12224008.0,21.93
2026-06-17 21:22,MCL,SELL,74.8,74.8,0.0,15,,Asia_Brk_S,174.0,"{""Rng"": 2.18, ""A5"": 0.17, ""RV"": 4.56}",CLOSED_WIN,33115.0,630.0,2.18,0.17,4.56,0.42,,5.09,219280.0,93.68,12224008.0,21.93
2026-06-22 07:07,MCL,SELL,74.69,74.69,0.0,15,,Lon_Brk_S,5.0,"{""Rng"": 1.56, ""A5"": 0.19, ""RV"": 8.51}",CLOSED_LOSS,32080.0,-1035.0,1.56,0.19,8.51,-0.69,,3.3,188786.0,94.06,10492416.0,19.8
2026-06-23 03:30,MCL,SELL,72.54,72.54,0.0,15,,Lon_Brk_S,28.0,"{""Rng"": 0.52, ""A5"": 0.19, ""RV"": 1.48}",CLOSED_LOSS,31045.0,-1035.0,0.52,0.19,1.48,-0.69,,2.0,172807.0,94.25,10231916.0,18.05
2026-06-24 02:31,MCL,SELL,72.57,72.57,0.0,15,,Asia_Brk_S,39.0,"{""Rng"": 1.61, ""A5"": 0.15, ""RV"": 0.71}",CLOSED_WIN,31675.0,630.0,1.61,0.15,0.71,0.42,,,,,,
2026-06-24 21:23,MCL,SELL,69.52,69.52,0.0,15,,Asia_Brk_S,42.0,"{""Rng"": 1.8, ""A5"": 0.16, ""RV"": 1.45}",CLOSED_WIN,32305.0,630.0,1.8,0.16,1.45,0.42,,,,,,
2026-06-26 03:12,MCL,SELL,70.31,70.31,0.0,15,,Lon_Brk_S,46.0,"{""Rng"": 0.26, ""A5"": 0.13, ""RV"": 3.83}",CLOSED_WIN,32935.0,630.0,0.26,0.13,3.83,0.42,,,,,,
