Timestamp,Symbol,Action,Theo_Price,Real_Price,Slippage_Pts,Qty,SL_Points,Engine,Trade_Duration_Mins,Telemetry,Status,Account_PnL_Context,Trade_Exact_PnL,Rng,A5,RV,Net_Points,R_Multiple,Session_Range,Session_Volume,SMA200,Vol_SMA50,Regime_Dist,Module
2023-07-10 10:03:00,MES,BUY,4442.75,4442.75,,,,Retest_L_E,,Retest_L_E|Gap:17|IBR:14.5|A5:5.18|RV:0.88,CLOSED_LOSS,-1046.25,-1046.25,,,,,,,,,,,MES
2023-07-14 10:39:00,MES,BUY,4547.0,4547.0,,,,IB_Fade_L,,IB_Fade_L|Gap:43.75|IBR:14|A5:4.41|RV:1.52,CLOSED_LOSS,-1046.25,-1046.25,,,,,,,,,,,MES
2023-07-19 10:57:00,MES,BUY,4597.25,4597.25,,,,IB_Fade_L,,IB_Fade_L|Gap:41.25|IBR:13.5|A5:4.35|RV:2.53,CLOSED_WIN,622.5,622.5,,,,,,,,,,,MES
2023-08-03 10:31:00,MES,BUY,4508.25,4508.25,,,,IB_Fade_L,,IB_Fade_L|Gap:88.25|IBR:19.5|A5:6.39|RV:1.28,CLOSED_WIN,622.5,622.5,,,,,,,,,,,MES
2023-08-10 10:08:00,MES,SELL,4539.0,4539.0,,,,AM10_Swp_S,,AM10_Swp_S|Gap:9.75|IBR:38.25|A5:6.43|RV:0.99,CLOSED_WIN,622.5,622.5,,,,,,,,,,,MES
2023-08-14 10:35:00,MES,BUY,4489.5,4489.5,,,,IB_L,,IB_L|Gap:13.25|IBR:21.25|A5:5.54|RV:1.41,CLOSED_WIN,622.5,622.5,,,,,,,,,,,MES
2023-08-25 10:33:00,MES,BUY,4388.5,4388.5,,,,IB_Fade_L,,IB_Fade_L|Gap:45|IBR:40.75|A5:10.23|RV:0.89,CLOSED_LOSS,-1036.75,-1036.75,,,,,,,,,,,MES
2023-08-29 10:31:00,MES,BUY,4478.0,4478.0,,,,IB_L,,IB_L|Gap:26.5|IBR:36.25|A5:5.46|RV:1.81,CLOSED_WIN,622.5,622.5,,,,,,,,,,,MES
2023-09-07 10:35:00,MES,BUY,4435.0,4435.0,,,,IB_Fade_L,,IB_Fade_L|Gap:64.5|IBR:16.25|A5:5.66|RV:0.54,CLOSED_WIN,622.5,622.5,,,,,,,,,,,MES
2023-09-08 10:31:00,MES,BUY,4477.25,4477.25,,,,IB_L,,IB_L|Gap:16.5|IBR:21.25|A5:4.39|RV:1.78,CLOSED_LOSS,-1046.25,-1046.25,,,,,,,,,,,MES
2023-09-18 10:17:00,MES,BUY,4500.25,4500.25,,,,Retest_L_E,,Retest_L_E|Gap:60.5|IBR:12.25|A5:5.23|RV:0.78,CLOSED_WIN,622.5,622.5,,,,,,,,,,,MES
2023-09-21 10:31:00,MES,SELL,4404.75,4404.75,,,,Grind_S,,Grind_S|Gap:74.25|IBR:19.75|A5:7.28|RV:0.87,CLOSED_WIN,622.5,622.5,,,,,,,,,,,MES
2023-10-03 10:41:00,MES,BUY,4274.75,4274.75,,,,IB_Fade_L,,IB_Fade_L|Gap:24.5|IBR:43.5|A5:8.76|RV:0.74,CLOSED_LOSS,-1046.25,-1046.25,,,,,,,,,,,MES
2023-10-25 09:46:00,MES,SELL,4231.5,4231.5,,,,Gap_Fade_S,,Gap_Fade_S|Gap:11.75|IBR:22.5|A5:7.58|RV:2.69,CLOSED_LOSS,-1046.25,-1046.25,,,,,,,,,,,MES
2023-10-27 10:31:00,MES,SELL,4159.75,4159.75,,,,Grind_S,,Grind_S|Gap:37.25|IBR:21.75|A5:8.09|RV:1.01,CLOSED_WIN,622.5,622.5,,,,,,,,,,,MES
2023-11-09 12:16:00,MES,SELL,4398.25,4398.25,,,,M4_S,,M4_S|Gap:13.25|IBR:21.5|A5:3.75|RV:1.12,CLOSED_WIN,622.5,622.5,,,,,,,,,,,MES
2023-11-13 10:47:00,MES,BUY,4420.5,4420.5,,,,IB_L,,IB_L|Gap:53|IBR:12|A5:4.18|RV:1.7,CLOSED_WIN,622.5,622.5,,,,,,,,,,,MES
2023-11-14 12:22:00,MES,SELL,4502.5,4502.5,,,,M4_S,,M4_S|Gap:56|IBR:28.5|A5:4.25|RV:1.26,CLOSED_LOSS,-1046.25,-1046.25,,,,,,,,,,,MES
2023-11-20 10:48:00,MES,BUY,4543.5,4543.5,,,,IB_L,,IB_L|Gap:1.25|IBR:18.5|A5:3.59|RV:1.78,CLOSED_WIN,622.5,622.5,,,,,,,,,,,MES
2023-11-21 10:34:00,MES,BUY,4539.5,4539.5,,,,IB_Fade_L,,IB_Fade_L|Gap:22.75|IBR:13|A5:3.71|RV:1.09,CLOSED_WIN,622.5,622.5,,,,,,,,,,,MES
2023-11-24 10:03:00,MES,SELL,4568.75,4568.75,,,,OR_Fake_S,,OR_Fake_S|Gap:0.75|IBR:7.5|A5:3.03|RV:0.61,CLOSED_WIN,622.5,622.5,,,,,,,,,,,MES
2023-11-27 12:09:00,MES,SELL,4566.25,4566.25,,,,OR_Fake_S,,OR_Fake_S|Gap:6|IBR:11.75|A5:3.05|RV:1,CLOSED_WIN,622.5,622.5,,,,,,,,,,,MES
2023-11-28 10:23:00,MES,SELL,4556.0,4556.0,,,,OR_Fake_S,,OR_Fake_S|Gap:12.75|IBR:8.5|A5:3.25|RV:0.98,CLOSED_LOSS,-1046.25,-1046.25,,,,,,,,,,,MES
2023-12-12 10:41:00,MES,BUY,4680.75,4680.75,,,,IB_L,,IB_L|Gap:65.5|IBR:17.5|A5:4.46|RV:1.36,CLOSED_WIN,622.5,622.5,,,,,,,,,,,MES
2023-12-13 10:27:00,MES,SELL,4703.0,4703.0,,,,OR_Fake_S,,OR_Fake_S|Gap:74.5|IBR:6.75|A5:2.43|RV:0.7,CLOSED_WIN,622.5,622.5,,,,,,,,,,,MES
2023-12-19 10:56:00,MES,BUY,4813.0,4813.0,,,,IB_L,,IB_L|Gap:29.5|IBR:16|A5:3.14|RV:1.46,CLOSED_WIN,303.75,303.75,,,,,,,,,,,MES
2023-12-22 11:08:00,MES,BUY,4807.0,4807.0,,,,IB_Fade_L,,IB_Fade_L|Gap:56.75|IBR:15.75|A5:4.67|RV:2.11,CLOSED_WIN,622.5,622.5,,,,,,,,,,,MES
2023-12-28 10:42:00,MES,SELL,4836.75,4836.75,,,,OR_Fake_S,,OR_Fake_S|Gap:6.75|IBR:6|A5:3.03|RV:0.88,CLOSED_WIN,622.5,622.5,,,,,,,,,,,MES
2024-01-05 11:17:00,MES,SELL,4758.0,4758.0,,,,IB_Fade_S,,IB_Fade_S|Gap:16.25|IBR:33.25|A5:5.68|RV:1.4,CLOSED_WIN,622.5,622.5,,,,,,,,,,,MES
2024-01-08 10:31:00,MES,BUY,4756.5,4756.5,,,,IB_L,,IB_L|Gap:9.75|IBR:17|A5:4.79|RV:1.83,CLOSED_WIN,622.5,622.5,,,,,,,,,,,MES
2024-01-16 10:41:00,MES,BUY,4813.5,4813.5,,,,IB_L,,IB_L|Gap:14.5|IBR:28.5|A5:5.36|RV:1.6,CLOSED_LOSS,-1046.25,-1046.25,,,,,,,,,,,MES
2024-01-24 10:40:00,MES,BUY,4925.25,4925.25,,,,IB_L,,IB_L|Gap:42.5|IBR:14.75|A5:4.38|RV:1.76,CLOSED_LOSS,-1046.25,-1046.25,,,,,,,,,,,MES
2024-01-26 10:33:00,MES,BUY,4927.0,4927.0,,,,IB_L,,IB_L|Gap:20.25|IBR:12.5|A5:4.52|RV:1.52,CLOSED_LOSS,-1046.25,-1046.25,,,,,,,,,,,MES
2024-02-07 12:27:00,MES,SELL,5006.75,5006.75,,,,M4_S,,M4_S|Gap:35.5|IBR:26.5|A5:4.42|RV:1.12,CLOSED_LOSS,-465.0,-465.0,,,,,,,,,,,MES
2024-02-08 10:04:00,MES,SELL,5013.5,5013.5,,,,OR_Fake_S,,OR_Fake_S|Gap:38.5|IBR:7.25|A5:3.35|RV:1.03,CLOSED_WIN,622.5,622.5,,,,,,,,,,,MES
2024-02-13 12:07:00,MES,SELL,4977.5,4977.5,,,,M4_S,,M4_S|Gap:69|IBR:20.25|A5:4.77|RV:1.25,CLOSED_WIN,622.5,622.5,,,,,,,,,,,MES
2024-02-16 10:01:00,MES,BUY,5021.25,5021.25,,,,AM10_Swp_L,,AM10_Swp_L|Gap:25|IBR:32.5|A5:4.96|RV:3.27,CLOSED_WIN,622.5,622.5,,,,,,,,,,,MES
2024-02-22 10:31:00,MES,BUY,5076.5,5076.5,,,,Grind_L,,Grind_L|Gap:71|IBR:24.5|A5:7.93|RV:0.91,CLOSED_WIN,622.5,622.5,,,,,,,,,,,MES
2024-03-12 09:40:00,MES,SELL,5187.0,5187.0,,,,Gap_Fade_S,,Gap_Fade_S|Gap:77.25|IBR:24|A5:10.75|RV:2.93,CLOSED_LOSS,-1032.0,-1032.0,,,,,,34.25,1195475.0,439.84,75304022.0,14.05,MES
2024-03-15 10:31:00,MES,BUY,5189.75,5189.75,,,,Grind_L,,Grind_L|Gap:46.5|IBR:25.5|A5:7.84|RV:0.53,CLOSED_WIN,622.5,622.5,,,,,,,,,,,MES
2024-04-05 10:31:00,MES,BUY,5220.5,5220.5,,,,Grind_L,,Grind_L|Gap:55.5|IBR:24.75|A5:8.92|RV:0.78,CLOSED_WIN,633.5,633.5,,,,,,,,,,,MES
2024-04-10 10:31:00,MES,BUY,5212.25,5212.25,,,,Grind_L,,Grind_L|Gap:53.5|IBR:25.25|A5:10.43|RV:0.61,CLOSED_WIN,633.0,633.0,,,,,,63.75,1256438.0,448.99,72356196.0,11.5,MES
2024-04-12 10:31:00,MES,SELL,5199.5,5199.5,,,,Grind_S,,Grind_S|Gap:3.5|IBR:23|A5:7.31|RV:0.92,CLOSED_WIN,622.5,622.5,,,,,,,,,,,MES
2024-04-17 10:31:00,MES,SELL,5098.75,5098.75,,,,Grind_S,,Grind_S|Gap:13.5|IBR:28.25|A5:8.59|RV:0.91,CLOSED_WIN,622.5,622.5,,,,,,44.5,1430573.0,450.82,71409184.0,8.12,MES
2024-04-26 11:07:00,MES,SELL,5137.25,5137.25,,,,IB_Fade_S,,IB_Fade_S|Gap:3.5|IBR:33.5|A5:7.5|RV:1.38,CLOSED_WIN,622.5,622.5,,,,,,,,,,,MES
2024-04-30 10:32:00,MES,BUY,5129.0,5129.0,,,,IB_Fade_L,,IB_Fade_L|Gap:0.75|IBR:14.75|A5:5.89|RV:2.02,CLOSED_WIN,622.5,622.5,,,,,,34.5,822668.0,453.64,71501336.0,7.75,MES
2024-05-15 10:37:00,MES,BUY,5305.0,5305.0,,,,IB_L,,IB_L|Gap:48|IBR:16.25|A5:5.23|RV:1.83,CLOSED_WIN,622.5,622.5,,,,,,33.0,873945.0,457.24,69483942.0,12.82,MES
2024-05-21 10:31:00,MES,BUY,5332.5,5332.5,,,,IB_L,,IB_L|Gap:2.75|IBR:9.5|A5:2.96|RV:1.64,CLOSED_WIN,622.5,622.5,,,,,,24.5,748283.0,458.87,67574130.0,12.76,MES
2024-05-23 09:46:00,MES,SELL,5342.25,5342.25,,,,Gap_Fade_S,,Gap_Fade_S|Gap:12.25|IBR:21|A5:7.46|RV:2.28,CLOSED_WIN,622.5,622.5,,,,,,40.25,1004975.0,459.68,67121784.0,11.41,MES
2024-05-31 10:57:00,MES,BUY,5232.25,5232.25,,,,IB_Fade_L,,IB_Fade_L|Gap:26.25|IBR:40|A5:6.63|RV:0.98,CLOSED_LOSS,-1046.25,-1046.25,,,,,,,,,,,MES
2024-06-04 10:31:00,MES,BUY,5290.5,5290.5,,,,Grind_L,,Grind_L|Gap:10.5|IBR:20.25|A5:7.45|RV:0.83,CLOSED_LOSS,-1046.25,-1046.25,,,,,,65.75,1348081.0,462.7,62421676.0,11.2,MES
2024-06-11 11:16:00,MES,BUY,5356.0,5356.0,,,,Retest_L_E,,Retest_L_E|Gap:0.25|IBR:21.25|A5:4.31|RV:0.87,CLOSED_WIN,622.5,622.5,,,,,,30.25,857667.0,465.16,59180974.0,12.4,MES
2024-06-25 11:33:00,MES,BUY,5530.25,5530.25,,,,Retest_L_E,,Retest_L_E|Gap:7|IBR:11.75|A5:4.49|RV:0.81,CLOSED_LOSS,-1046.25,-1046.25,,,,,,48.25,1051746.0,469.66,55118876.0,13.32,MES
2024-06-26 11:13:00,MES,BUY,5519.25,5519.25,,,,IB_Fade_L,,IB_Fade_L|Gap:6.25|IBR:16.5|A5:4.96|RV:1.92,CLOSED_WIN,622.5,622.5,,,,,,28.0,797465.0,470.18,54047860.0,13.34,MES
2024-07-02 10:41:00,MES,BUY,5536.5,5536.5,,,,IB_L,,IB_L|Gap:5.25|IBR:21.25|A5:5.65|RV:1.76,CLOSED_WIN,622.5,622.5,,,,,,35.0,1006623.0,472.22,51363132.0,13.57,MES
2024-07-12 10:32:00,MES,SELL,5667.75,5667.75,,,,IB_Fade_S,,IB_Fade_S|Gap:42|IBR:26.75|A5:5.76|RV:0.51,CLOSED_LOSS,-1046.25,-1046.25,,,,,,,,,,,MES
2024-07-17 10:31:00,MES,SELL,5653.25,5653.25,,,,Grind_S,,Grind_S|Gap:27.5|IBR:26.5|A5:8.1|RV:0.79,CLOSED_WIN,622.5,622.5,,,,,,31.0,1102526.0,478.48,46469072.0,13.71,MES
2024-07-29 10:31:00,MES,SELL,5505.5,5505.5,,,,Grind_S,,Grind_S|Gap:73|IBR:23.5|A5:9.03|RV:0.91,CLOSED_WIN,633.5,633.5,,,,,,100.75,2119254.0,482.76,47609088.0,10.17,MES
2024-08-02 09:46:00,MES,BUY,5412.25,5412.25,,,,Gap_Fade_L,,Gap_Fade_L|Gap:153.75|IBR:30.5|A5:16.47|RV:1.11,CLOSED_LOSS,-1018.0,-1018.0,,,,,,,,,,,MES
2024-08-05 09:46:00,MES,BUY,5203.5,5203.5,,,,Gap_Fade_L,,Gap_Fade_L|Gap:320.5|IBR:60|A5:26.27|RV:1.59,CLOSED_WIN,632.5,632.5,,,,,,151.0,2174144.0,485.52,49031330.0,7.22,MES
2024-08-06 10:04:00,MES,SELL,5266.5,5266.5,,,,AM10_Swp_S,,AM10_Swp_S|Gap:140.75|IBR:50.5|A5:15.6|RV:0.9,CLOSED_LOSS,-1018.0,-1018.0,,,,,,90.5,1998839.0,486.41,51541180.0,4.87,MES
2024-08-07 10:04:00,MES,SELL,5353.0,5353.0,,,,AM10_Swp_S,,AM10_Swp_S|Gap:110.25|IBR:36|A5:14.65|RV:1.28,CLOSED_WIN,632.25,632.25,,,,,,103.75,1476842.0,486.88,52129324.0,4.06,MES
2024-08-09 10:59:00,MES,SELL,5355.5,5355.5,,,,IB_Fade_S,,IB_Fade_S|Gap:110|IBR:33|A5:10.81|RV:0.8,CLOSED_WIN,633.0,633.0,,,,,,,,,,,MES
2024-08-15 10:31:00,MES,BUY,5543.0,5543.0,,,,Grind_L,,Grind_L|Gap:73.5|IBR:18.5|A5:7.93|RV:0.83,CLOSED_WIN,622.5,622.5,,,,,,49.0,900157.0,490.57,52268792.0,10.13,MES
2024-08-21 10:27:00,MES,BUY,5635.75,5635.75,,,,Retest_L_E,,Retest_L_E|Gap:1.25|IBR:19|A5:5.3|RV:0.98,CLOSED_WIN,622.5,622.5,,,,,,35.5,762684.0,493.32,52298190.0,11.01,MES
2024-08-29 10:31:00,MES,BUY,5645.25,5645.25,,,,Grind_L,,Grind_L|Gap:14.5|IBR:26.5|A5:9.77|RV:0.68,CLOSED_WIN,637.0,637.0,,,,,,64.75,1101078.0,497.06,51764654.0,9.73,MES
2024-08-30 10:31:00,MES,BUY,5637.5,5637.5,,,,Grind_L,,Grind_L|Gap:21|IBR:18.75|A5:8.15|RV:0.86,CLOSED_LOSS,-1046.25,-1046.25,,,,,,,,,,,MES
2024-09-03 10:34:00,MES,BUY,5585.75,5585.75,,,,IB_Fade_L,,IB_Fade_L|Gap:35|IBR:45.75|A5:8.97|RV:0.93,CLOSED_LOSS,-1046.5,-1046.5,,,,,,65.75,1138822.0,497.69,51612092.0,10.64,MES
2024-09-06 09:43:00,MES,BUY,5510.75,5510.75,,,,Gap_Fade_L,,Gap_Fade_L|Gap:14.5|IBR:31.75|A5:8.96|RV:1.65,CLOSED_WIN,633.5,633.5,,,,,,,,,,,MES
2024-09-11 09:35:00,MES,SELL,5479.5,5479.5,,,,Gap_Fade_S,,Gap_Fade_S|Gap:21|IBR:21.75|A5:5.35|RV:3.48,CLOSED_WIN,622.5,622.5,,,,,,55.0,1128536.0,501.17,52308776.0,8.07,MES
2024-09-13 10:46:00,MES,SELL,5633.75,5633.75,,,,IB_Fade_S,,IB_Fade_S|Gap:46.5|IBR:29.75|A5:8.18|RV:0.92,CLOSED_WIN,622.5,622.5,,,,,,,,,,,MES
2024-09-17 10:31:00,MES,BUY,5729.5,5729.5,,,,Grind_L,,Grind_L|Gap:92.25|IBR:22.5|A5:8.47|RV:0.69,CLOSED_LOSS,-1046.25,-1046.25,,,,,,32.25,1107709.0,503.35,52834448.0,9.28,MES
2024-09-23 10:31:00,MES,BUY,5778.75,5778.75,,,,Grind_L,,Grind_L|Gap:3.5|IBR:23.25|A5:7.21|RV:0.79,CLOSED_LOSS,-1046.25,-1046.25,,,,,,36.25,258416.0,505.03,54690816.0,10.25,MES
2024-09-30 10:36:00,MES,BUY,5790.25,5790.25,,,,Retest_L_E,,Retest_L_E|Gap:24.5|IBR:12.5|A5:4.8|RV:0.94,CLOSED_WIN,622.5,622.5,,,,,,43.5,919839.0,507.94,54215910.0,10.24,MES
2024-10-01 11:26:00,MES,BUY,5742.75,5742.75,,,,IB_Fade_L,,IB_Fade_L|Gap:17.5|IBR:68.25|A5:9.63|RV:0.5,CLOSED_WIN,637.0,637.0,,,,,,64.0,1075461.0,509.02,54763318.0,9.46,MES
2024-10-03 10:24:00,MES,BUY,5745.25,5745.25,,,,AM10_Swp_L,,AM10_Swp_L|Gap:15.25|IBR:31.25|A5:8.53|RV:2.09,CLOSED_WIN,622.5,622.5,,,,,,31.75,817538.0,510.03,54163106.0,9.09,MES
2024-10-09 12:53:00,MES,SELL,5828.75,5828.75,,,,M4_S,,M4_S|Gap:55|IBR:19.75|A5:3.88|RV:1.2,CLOSED_WIN,622.5,622.5,,,,,,33.75,734615.0,512.09,53501570.0,10.43,MES
2024-10-16 10:58:00,MES,BUY,5865.5,5865.5,,,,Retest_L_E,,Retest_L_E|Gap:46.5|IBR:23.75|A5:5.39|RV:0.91,CLOSED_WIN,622.5,622.5,,,,,,61.5,1053048.0,514.77,48533118.0,10.84,MES
2024-10-30 11:18:00,MES,BUY,5871.75,5871.75,,,,Retest_L_E,,Retest_L_E|Gap:4.5|IBR:37|A5:5.54|RV:0.88,CLOSED_WIN,622.5,622.5,,,,,,35.5,816768.0,520.29,46402278.0,9.23,MES
2024-11-01 10:31:00,MES,SELL,5800.25,5800.25,,,,IB_Fade_S,,IB_Fade_S|Gap:91.25|IBR:47.75|A5:8.59|RV:1.96,CLOSED_WIN,622.5,622.5,,,,,,,,,,,MES
2024-11-05 10:08:00,MES,SELL,5786.75,5786.75,,,,AM10_Swp_S,,AM10_Swp_S|Gap:5|IBR:42.25|A5:6.96|RV:1.03,CLOSED_LOSS,-1046.25,-1046.25,,,,,,47.25,926506.0,522.2,46391902.0,8.21,MES
2024-11-08 10:47:00,MES,BUY,6019.75,6019.75,,,,IB_L,,IB_L|Gap:46.5|IBR:14.5|A5:5.12|RV:1.48,CLOSED_WIN,622.5,622.5,,,,,,,,,,,MES
2024-11-13 14:18:00,MES,SELL,6027.0,6027.0,,,,M4_S,,M4_S|Gap:15.75|IBR:28|A5:4.09|RV:1.15,CLOSED_WIN,622.5,622.5,,,,,,46.75,1028565.0,525.52,46528730.0,11.35,MES
2024-11-20 09:40:00,MES,SELL,5916.5,5916.5,,,,Gap_Fade_S,,Gap_Fade_S|Gap:18.5|IBR:24.5|A5:5.72|RV:2.9,CLOSED_WIN,622.5,622.5,,,,,,65.25,1007725.0,528.06,46258572.0,9.57,MES
2024-11-21 09:43:00,MES,SELL,5921.5,5921.5,,,,Gap_Fade_S,,Gap_Fade_S|Gap:29|IBR:50.75|A5:9.21|RV:2.23,CLOSED_LOSS,-1046.5,-1046.5,,,,,,64.25,1171793.0,528.55,46157186.0,10.06,MES
2024-11-26 11:35:00,MES,BUY,6027.0,6027.0,,,,Retest_L_E,,Retest_L_E|Gap:31.25|IBR:16|A5:5.16|RV:0.89,CLOSED_WIN,622.5,622.5,,,,,,41.5,1118047.0,530.05,46177216.0,11.04,MES
2024-11-29 10:38:00,MES,BUY,6044.0,6044.0,,,,IB_L,,IB_L|Gap:6.25|IBR:24.5|A5:3.72|RV:1.46,CLOSED_WIN,622.5,622.5,,,,,,,,,,,MES
2024-12-05 10:32:00,MES,BUY,6093.5,6093.5,,,,IB_Fade_L,,IB_Fade_L|Gap:35.5|IBR:11.5|A5:3.22|RV:0.46,CLOSED_WIN,622.5,622.5,,,,,,29.75,826179.0,533.3,43240522.0,11.47,MES
2024-12-16 10:32:00,MES,BUY,6078.25,6078.25,,,,Retest_L_E,,Retest_L_E|Gap:11.75|IBR:15|A5:5.42|RV:0.88,CLOSED_WIN,622.5,622.5,,,,,,32.25,1162960.0,536.32,41115272.0,10.39,MES
2024-12-17 11:24:00,MES,BUY,6129.0,6129.0,,,,Retest_L_E,,Retest_L_E|Gap:71.75|IBR:17.75|A5:5.31|RV:0.81,CLOSED_WIN,622.5,622.5,,,,,,25.75,1096998.0,537.28,41246570.0,10.21,MES
2024-12-18 12:33:00,MES,SELL,6137.0,6137.0,,,,M4_S,,M4_S|Gap:43.5|IBR:19|A5:3.97|RV:1.08,CLOSED_WIN,622.5,622.5,,,,,,22.75,714995.0,537.69,42663570.0,6.84,MES
2024-12-19 10:33:00,MES,BUY,5961.75,5961.75,,,,IB_Fade_L,,IB_Fade_L|Gap:64.75|IBR:44.5|A5:18.56|RV:0.88,CLOSED_WIN,631.75,631.75,,,,,,234.5,609887.0,538.09,43623716.0,6.73,MES
2024-12-26 10:31:00,MES,BUY,6085.25,6085.25,,,,Grind_L,,Grind_L|Gap:43.25|IBR:25.5|A5:7.17|RV:0.63,CLOSED_WIN,622.5,622.5,,,,,,78.0,937654.0,539.41,45501502.0,9.6,MES
2024-12-27 10:32:00,MES,BUY,6005.0,6005.0,,,,IB_Fade_L,,IB_Fade_L|Gap:45.5|IBR:51.75|A5:9.81|RV:0.67,CLOSED_WIN,637.0,637.0,,,,,,,,,,,MES
2024-12-30 10:02:00,MES,BUY,5932.0,5932.0,,,,AM10_Swp_L,,AM10_Swp_L|Gap:140.25|IBR:34.25|A5:11.94|RV:2.64,CLOSED_WIN,635.25,635.25,,,,,,31.25,604803.0,540.28,45926690.0,8.28,MES
2025-01-02 10:01:00,MES,SELL,5974.75,5974.75,,,,AM10_Swp_S,,AM10_Swp_S|Gap:9|IBR:45.25|A5:12.02|RV:1.44,CLOSED_WIN,635.25,635.25,,,,,,75.0,1095174.0,541.07,46763110.0,6.5,MES
2025-01-03 09:46:00,MES,SELL,5961.5,5961.5,,,,Gap_Fade_S,,Gap_Fade_S|Gap:9|IBR:27|A5:11.03|RV:2.78,CLOSED_WIN,633.0,633.0,,,,,,,,,,,MES
2025-01-07 10:56:00,MES,BUY,5990.25,5990.25,,,,IB_Fade_L,,IB_Fade_L|Gap:52.5|IBR:58|A5:11.21|RV:0.83,CLOSED_WIN,635.25,635.25,,,,,,64.25,1035449.0,542.59,47588064.0,6.66,MES
2025-01-23 10:39:00,MES,BUY,6119.75,6119.75,,,,IB_L,,IB_L|Gap:29.5|IBR:7.75|A5:3.61|RV:1.5,CLOSED_WIN,622.5,622.5,,,,,,20.75,846239.0,546.46,48511524.0,9.7,MES
2025-01-27 09:37:00,MES,SELL,6026.75,6026.75,,,,Apex_S,,Apex_S|Gap:154|IBR:34.25|A5:13.31|RV:2.5,CLOSED_LOSS,-522.5,-522.5,,,,,,42.0,821844.0,546.92,48274720.0,9.29,MES
2025-02-03 09:41:00,MES,SELL,5983.5,5983.5,,,,Apex_S,,Apex_S|Gap:127|IBR:25|A5:16.37|RV:1.28,CLOSED_WIN,792.0,792.0,,,,,,59.75,1207127.0,549.23,48573632.0,7.73,MES
2025-02-14 11:23:00,MES,BUY,6133.75,6133.75,,,,IB_Fade_L,,IB_Fade_L|Gap:62|IBR:12.75|A5:4.34|RV:1.56,CLOSED_WIN,622.5,622.5,,,,,,,,,,,MES
2025-02-19 12:22:00,MES,SELL,6147.0,6147.0,,,,M4_S,,M4_S|Gap:2.25|IBR:8.25|A5:3.57|RV:1.11,CLOSED_LOSS,-1046.25,-1046.25,,,,,,31.25,794825.0,555.59,47937590.0,8.46,MES
2025-02-20 10:05:00,MES,BUY,6116.0,6116.0,,,,AM10_Swp_L,,AM10_Swp_L|Gap:1.75|IBR:47.25|A5:6.65|RV:1.82,CLOSED_WIN,622.5,622.5,,,,,,37.25,795632.0,556.13,48093426.0,7.91,MES
2025-02-25 10:32:00,MES,BUY,5938.0,5938.0,,,,IB_Fade_L,,IB_Fade_L|Gap:28.5|IBR:73.75|A5:11.16|RV:0.98,CLOSED_WIN,635.25,635.25,,,,,,54.0,1310122.0,557.41,49739522.0,4.81,MES
2025-02-27 10:06:00,MES,BUY,5948.5,5948.5,,,,AM10_Swp_L,,AM10_Swp_L|Gap:25.25|IBR:75.75|A5:12.15|RV:1.98,CLOSED_WIN,627.5,627.5,,,,,,78.25,1466339.0,558.16,50885458.0,3.05,MES
2025-02-28 09:43:00,MES,BUY,5878.25,5878.25,,,,Gap_Fade_L,,Gap_Fade_L|Gap:91|IBR:26|A5:11.81|RV:1.27,CLOSED_WIN,635.25,635.25,,,,,,,,,,,MES
2025-03-04 09:37:00,MES,SELL,5816.75,5816.75,,,,Apex_S,,Apex_S|Gap:144.25|IBR:19|A5:16.61|RV:2.21,CLOSED_WIN,792.0,792.0,,,,,,153.0,2012364.0,559.17,53630820.0,1.43,MES
2025-03-05 09:47:00,MES,BUY,5800.25,5800.25,,,,AE_L,,AE_L|Gap:72.75|IBR:28.25|A5:16.65|RV:0.85,CLOSED_LOSS,-1018.0,-1018.0,,,,,,131.75,2410595.0,559.45,52890456.0,2.47,MES
2025-03-07 09:44:00,MES,BUY,5759.75,5759.75,,,,Gap_Fade_L,,Gap_Fade_L|Gap:125|IBR:36.5|A5:14.6|RV:1.54,CLOSED_WIN,632.25,632.25,,,,,,,,,,,MES
2025-03-10 09:42:00,MES,SELL,5702.25,5702.25,,,,Apex_S,,Apex_S|Gap:55|IBR:29.5|A5:19.22|RV:2.12,CLOSED_WIN,594.0,594.0,,,,,,101.25,1958476.0,559.95,51882806.0,1.12,MES
2025-03-11 09:40:00,MES,BUY,5622.5,5622.5,,,,Gap_Fade_L,,Gap_Fade_L|Gap:167|IBR:25.75|A5:15.65|RV:1.1,CLOSED_LOSS,-1018.0,-1018.0,,,,,,118.0,1859606.0,560.27,53815462.0,-2.45,MES
2025-03-13 10:01:00,MES,BUY,5564.0,5564.0,,,,AM10_Swp_L,,AM10_Swp_L|Gap:21|IBR:44|A5:11.5|RV:2.3,CLOSED_WIN,635.25,635.25,,,,,,82.75,1313291.0,560.59,54565046.0,-3.29,MES
2025-03-14 09:44:00,MES,BUY,5592.75,5592.75,,,,Gap_Fade_L,,Gap_Fade_L|Gap:33|IBR:25|A5:12.06|RV:1.09,CLOSED_WIN,635.25,635.25,,,,,,,,,,,MES
2025-03-18 09:40:00,MES,SELL,5688.25,5688.25,,,,Gap_Fade_S,,Gap_Fade_S|Gap:69|IBR:24.25|A5:8.68|RV:3.31,CLOSED_WIN,622.5,622.5,,,,,,69.5,1364533.0,561.18,54842544.0,-1.71,MES
2025-03-20 09:36:00,MES,SELL,5704.75,5704.75,,,,Apex_S,,Apex_S|Gap:74|IBR:22|A5:13.87|RV:1.91,CLOSED_LOSS,-1370.25,-1370.25,,,,,,86.5,430996.0,561.64,55721470.0,-1.01,MES
2025-03-27 09:44:00,MES,BUY,5726.25,5726.25,,,,Gap_Fade_L,,Gap_Fade_L|Gap:83.5|IBR:26|A5:7.81|RV:1.75,CLOSED_WIN,622.5,622.5,,,,,,74.25,1133193.0,562.74,55676760.0,-0.63,MES
2025-03-28 10:01:00,MES,BUY,5706.75,5706.75,,,,AM10_Swp_L,,AM10_Swp_L|Gap:36|IBR:34|A5:9.89|RV:3.1,CLOSED_LOSS,-1036.75,-1036.75,,,,,,,,,,,MES
2025-04-02 09:45:00,MES,BUY,5652.0,5652.0,,,,Gap_Fade_L,,Gap_Fade_L|Gap:40.25|IBR:42.75|A5:12.41|RV:1.64,CLOSED_WIN,627.5,627.5,,,,,,94.5,1365824.0,563.29,57612592.0,-1.17,MES
2025-04-03 09:40:00,MES,BUY,5538.0,5538.0,,,,Gap_Fade_L,,Gap_Fade_L|Gap:162.5|IBR:32.5|A5:29.93|RV:1.35,CLOSED_LOSS,-1009.0,-1009.0,,,,,,207.0,1549358.0,563.29,59168392.0,-6.04,MES
2025-04-07 09:45:00,MES,BUY,4888.0,4888.0,,,,Gap_Fade_L,,Gap_Fade_L|Gap:491|IBR:76.75|A5:36.49|RV:1.54,CLOSED_WIN,634.5,634.5,,,,,,109.25,1607805.0,563.12,62704652.0,-11.52,MES
2025-04-08 09:36:00,MES,SELL,5244.75,5244.75,,,,Gap_Fade_S,,Gap_Fade_S|Gap:162|IBR:30.5|A5:37.58|RV:2.38,CLOSED_WIN,634.5,634.5,,,,,,311.5,2123660.0,562.72,69053896.0,-13.0,MES
2025-04-09 09:32:00,MES,BUY,5004.5,5004.5,,,,Gap_Fade_L,,Gap_Fade_L|Gap:114.25|IBR:26.5|A5:28.21|RV:1.51,CLOSED_WIN,631.0,631.0,,,,,,364.75,1646565.0,562.76,73002576.0,-3.87,MES
2025-04-10 09:38:00,MES,SELL,5353.25,5353.25,,,,Gap_Fade_S,,Gap_Fade_S|Gap:355.25|IBR:37.5|A5:40.37|RV:2.06,CLOSED_WIN,634.5,634.5,,,,,,540.0,2015459.0,562.7,75505652.0,-8.07,MES
2025-04-11 09:35:00,MES,BUY,5278.5,5278.5,,,,Gap_Fade_L,,Gap_Fade_L|Gap:210|IBR:39|A5:36.38|RV:1.02,CLOSED_WIN,634.5,634.5,,,,,,,,,,,MES
2025-04-14 09:32:00,MES,SELL,5475.5,5475.5,,,,Gap_Fade_S,,Gap_Fade_S|Gap:191.25|IBR:21|A5:14.24|RV:2.96,CLOSED_WIN,632.25,632.25,,,,,,227.0,1698026.0,562.67,76677352.0,-6.42,MES
2025-04-15 10:12:00,MES,SELL,5481.25,5481.25,,,,AM10_Swp_S,,AM10_Swp_S|Gap:58.25|IBR:38.75|A5:12|RV:1.12,CLOSED_WIN,635.25,635.25,,,,,,101.25,869461.0,562.65,76527408.0,-5.78,MES
2025-04-17 10:33:00,MES,BUY,5298.75,5298.75,,,,IB_Fade_L,,IB_Fade_L|Gap:105.75|IBR:42.25|A5:14.5|RV:1,CLOSED_WIN,632.25,632.25,,,,,,,,,,,MES
2025-04-21 10:34:00,MES,BUY,5198.5,5198.5,,,,IB_Fade_L,,IB_Fade_L|Gap:48.5|IBR:66|A5:13.69|RV:0.68,CLOSED_WIN,632.25,632.25,,,,,,150.0,1090604.0,562.51,78512248.0,-7.72,MES
2025-04-22 09:53:00,MES,BUY,5254.0,5254.0,,,,AE_L,,AE_L|Gap:67.25|IBR:31.75|A5:13.01|RV:0.83,CLOSED_WIN,627.5,627.5,,,,,,93.25,897555.0,562.27,79687372.0,-7.53,MES
2025-04-24 10:03:00,MES,SELL,5436.5,5436.5,,,,AM10_Swp_S,,AM10_Swp_S|Gap:97|IBR:46.5|A5:12.27|RV:1.17,CLOSED_LOSS,-1022.5,-1022.5,,,,,,116.0,1211611.0,562.19,81660086.0,-4.11,MES
2025-04-25 10:24:00,MES,BUY,5493.75,5493.75,,,,AM10_Swp_L,,AM10_Swp_L|Gap:108.5|IBR:42.25|A5:12.49|RV:2.2,CLOSED_WIN,627.5,627.5,,,,,,,,,,,MES
2025-04-30 09:45:00,MES,BUY,5476.5,5476.5,,,,Gap_Fade_L,,Gap_Fade_L|Gap:36.5|IBR:50.5|A5:14.42|RV:1.54,CLOSED_WIN,632.25,632.25,,,,,,61.0,877005.0,562.17,83859150.0,-2.73,MES
2025-05-02 10:20:00,MES,SELL,5692.75,5692.75,,,,AM10_Swp_S,,AM10_Swp_S|Gap:100|IBR:35.25|A5:13.82|RV:0.63,CLOSED_LOSS,-1021.5,-1021.5,,,,,,,,,,,MES
2025-05-05 10:31:00,MES,BUY,5674.25,5674.25,,,,Grind_L,,Grind_L|Gap:41|IBR:27|A5:10.21|RV:0.62,CLOSED_WIN,637.0,637.0,,,,,,80.75,987759.0,562.22,84985916.0,-0.59,MES
2025-05-07 10:31:00,MES,BUY,5654.75,5654.75,,,,Grind_L,,Grind_L|Gap:33.5|IBR:25.5|A5:8.3|RV:0.34,CLOSED_LOSS,-1046.25,-1046.25,,,,,,66.75,955907.0,562.42,84125684.0,-1.61,MES
2025-05-12 09:32:00,MES,SELL,5832.0,5832.0,,,,Gap_Fade_S,,Gap_Fade_S|Gap:165.75|IBR:21|A5:5.94|RV:3.8,CLOSED_WIN,622.5,622.5,,,,,,88.0,1040441.0,562.57,83830002.0,-1.08,MES
2025-05-13 12:05:00,MES,SELL,5906.75,5906.75,,,,M4_S,,M4_S|Gap:191.75|IBR:51.25|A5:6.22|RV:1.14,CLOSED_LOSS,-1046.25,-1046.25,,,,,,69.0,1089735.0,563.07,83508952.0,2.78,MES
2025-05-15 10:31:00,MES,BUY,5893.75,5893.75,,,,Grind_L,,Grind_L|Gap:15.5|IBR:21|A5:7.87|RV:0.94,CLOSED_WIN,622.5,622.5,,,,,,31.0,846764.0,563.56,82642410.0,3.32,MES
2025-05-23 09:42:00,MES,BUY,5799.25,5799.25,,,,Gap_Fade_L,,Gap_Fade_L|Gap:77.25|IBR:26.75|A5:12.14|RV:1.53,CLOSED_WIN,627.5,627.5,,,,,,,,,,,MES
2025-05-30 10:33:00,MES,SELL,5917.5,5917.5,,,,IB_Fade_S,,IB_Fade_S|Gap:7.5|IBR:33.5|A5:7.94|RV:0.65,CLOSED_WIN,622.5,622.5,,,,,,,,,,,MES
2025-06-05 09:46:00,MES,SELL,5968.25,5968.25,,,,Gap_Fade_S,,Gap_Fade_S|Gap:13.5|IBR:32.5|A5:5.83|RV:3.22,CLOSED_WIN,622.5,622.5,,,,,,24.75,798177.0,567.58,83500414.0,3.04,MES
2025-06-10 10:44:00,MES,BUY,6028.75,6028.75,,,,IB_L,,IB_L|Gap:9.25|IBR:11.5|A5:4.46|RV:1.62,CLOSED_LOSS,-1046.25,-1046.25,,,,,,23.25,601481.0,568.27,83903952.0,4.65,MES
2025-06-13 11:24:00,MES,SELL,6013.75,6013.75,,,,IB_Fade_S,,IB_Fade_S|Gap:33|IBR:37.75|A5:8.57|RV:2.13,CLOSED_LOSS,-1046.25,-1046.25,,,,,,,,,,,MES
2025-06-20 11:18:00,MES,BUY,6029.5,6029.5,,,,IB_Fade_L,,IB_Fade_L|Gap:26|IBR:42.25|A5:9.68|RV:0.57,CLOSED_WIN,637.0,637.0,,,,,,,,,,,MES
2025-06-24 10:31:00,MES,BUY,6123.5,6123.5,,,,Grind_L,,Grind_L|Gap:100.5|IBR:21.75|A5:7.56|RV:0.87,CLOSED_WIN,622.5,622.5,,,,,,88.25,1003517.0,570.38,70279442.0,5.22,MES
2025-06-27 10:40:00,MES,SELL,6226.75,6226.75,,,,IB_Fade_S,,IB_Fade_S|Gap:57|IBR:28|A5:5.2|RV:1.74,CLOSED_WIN,622.5,622.5,,,,,,,,,,,MES
2025-07-02 10:48:00,MES,BUY,6261.0,6261.0,,,,IB_L,,IB_L|Gap:8.75|IBR:21.25|A5:4.76|RV:1.62,CLOSED_WIN,622.5,622.5,,,,,,34.0,1011215.0,572.52,70288450.0,7.18,MES
2025-07-03 10:38:00,MES,BUY,6322.0,6322.0,,,,IB_L,,IB_L|Gap:44.25|IBR:28.25|A5:4.3|RV:1.41,CLOSED_WIN,622.5,622.5,,,,,,,,,,,MES
2025-07-11 10:38:00,MES,SELL,6306.0,6306.0,,,,IB_Fade_S,,IB_Fade_S|Gap:16.75|IBR:27.75|A5:5.46|RV:0.51,CLOSED_WIN,622.5,622.5,,,,,,,,,,,MES
2025-07-25 10:36:00,MES,BUY,6413.5,6413.5,,,,IB_L,,IB_L|Gap:9|IBR:8.5|A5:4.36|RV:1.84,CLOSED_WIN,622.5,622.5,,,,,,,,,,,MES
2025-07-28 10:08:00,MES,SELL,6431.75,6431.75,,,,OR_Fake_S,,OR_Fake_S|Gap:27.5|IBR:8.5|A5:3.24|RV:1.02,CLOSED_WIN,622.5,622.5,,,,,,21.75,782782.0,577.6,71241316.0,9.09,MES
2025-07-30 11:13:00,MES,BUY,6406.25,6406.25,,,,IB_Fade_L,,IB_Fade_L|Gap:10.75|IBR:14.25|A5:4.05|RV:3.93,CLOSED_WIN,622.5,622.5,,,,,,38.25,857486.0,578.61,70887088.0,8.45,MES
2025-08-01 09:38:00,MES,BUY,6293.75,6293.75,,,,Gap_Fade_L,,Gap_Fade_L|Gap:85.25|IBR:26.5|A5:15.45|RV:1.59,CLOSED_LOSS,-1018.0,-1018.0,,,,,,,,,,,MES
2025-08-04 09:46:00,MES,BUY,6329.0,6329.0,,,,Gap_Fade_L,,Gap_Fade_L|Gap:71|IBR:26.75|A5:11.03|RV:1.73,CLOSED_WIN,633.0,633.0,,,,,,92.5,1375149.0,579.15,73181204.0,6.17,MES
2025-08-05 14:15:00,MES,SELL,6339.0,6339.0,,,,M4_S,,M4_S|Gap:99.25|IBR:34.25|A5:4.68|RV:1.15,CLOSED_WIN,622.5,622.5,,,,,,40.5,836962.0,579.67,72685430.0,7.14,MES
2025-08-06 10:31:00,MES,SELL,6331.25,6331.25,,,,Grind_S,,Grind_S|Gap:21|IBR:25.25|A5:8.15|RV:1.01,CLOSED_LOSS,-1046.25,-1046.25,,,,,,48.75,1080979.0,579.95,72452000.0,7.91,MES
2025-08-08 10:39:00,MES,SELL,6410.25,6410.25,,,,IB_Fade_S,,IB_Fade_S|Gap:12|IBR:31|A5:6.51|RV:1.15,CLOSED_WIN,622.5,622.5,,,,,,,,,,,MES
2025-08-11 11:55:00,MES,BUY,6418.5,6418.5,,,,Retest_L_E,,Retest_L_E|Gap:49.75|IBR:12|A5:4.23|RV:0.99,CLOSED_WIN,622.5,622.5,,,,,,78.25,1083549.0,580.51,72396468.0,8.56,MES
2025-08-12 09:45:00,MES,SELL,6422.25,6422.25,,,,Gap_Fade_S,,Gap_Fade_S|Gap:10.25|IBR:20.75|A5:8.27|RV:5.31,CLOSED_WIN,622.5,622.5,,,,,,44.0,809673.0,581.12,71654440.0,9.38,MES
2025-08-20 10:32:00,MES,BUY,6374.25,6374.25,,,,IB_Fade_L,,IB_Fade_L|Gap:41.25|IBR:60.75|A5:8.14|RV:0.89,CLOSED_WIN,622.5,622.5,,,,,,57.0,947888.0,583.13,71574920.0,8.23,MES
2025-08-22 10:50:00,MES,SELL,6485.0,6485.0,,,,IB_Fade_S,,IB_Fade_S|Gap:5.5|IBR:84.25|A5:10.97|RV:0.6,CLOSED_WIN,633.0,633.0,,,,,,,,,,,MES
2025-08-29 10:55:00,MES,BUY,6461.75,6461.75,,,,IB_Fade_L,,IB_Fade_L|Gap:3|IBR:42.5|A5:6.71|RV:0.89,CLOSED_WIN,622.5,622.5,,,,,,,,,,,MES
2025-09-05 11:29:00,MES,BUY,6480.25,6480.25,,,,IB_Fade_L,,IB_Fade_L|Gap:76.25|IBR:62.5|A5:10.25|RV:0.93,CLOSED_LOSS,-1036.75,-1036.75,,,,,,,,,,,MES
2025-09-10 11:18:00,MES,BUY,6544.5,6544.5,,,,IB_Fade_L,,IB_Fade_L|Gap:47.25|IBR:18.5|A5:4.98|RV:1.73,CLOSED_WIN,622.5,622.5,,,,,,47.0,897350.0,587.56,68288044.0,9.79,MES
2025-09-12 12:14:00,MES,SELL,6590.5,6590.5,,,,OR_Fake_S,,OR_Fake_S|Gap:49.75|IBR:10.75|A5:3.43|RV:0.38,CLOSED_LOSS,-1046.25,-1046.25,,,,,,,,,,,MES
2025-09-15 10:24:00,MES,BUY,6616.25,6616.25,,,,Retest_L_E,,Retest_L_E|Gap:17|IBR:12.5|A5:5.04|RV:0.88,CLOSED_WIN,22.5,22.5,,,,,,30.0,883374.0,588.26,68411524.0,10.53,MES
2025-09-18 14:44:00,MES,SELL,6693.5,6693.5,,,,M4_S,,M4_S|Gap:76|IBR:43.25|A5:4.12|RV:1.26,CLOSED_WIN,22.5,22.5,,,,,,75.5,1337808.0,589.61,69738216.0,11.09,MES
2025-09-26 09:43:00,MES,BUY,6692.25,6692.25,,,,Gap_Fade_L,,Gap_Fade_L|Gap:18.75|IBR:25|A5:7|RV:1.72,CLOSED_WIN,622.5,622.5,,,,,,,,,,,MES
2025-09-30 11:29:00,MES,BUY,6697.25,6697.25,,,,IB_Fade_L,,IB_Fade_L|Gap:10|IBR:16.25|A5:6.23|RV:0.84,CLOSED_WIN,622.5,622.5,,,,,,35.0,850806.0,592.2,71768064.0,11.57,MES
2025-10-01 10:31:00,MES,BUY,6730.5,6730.5,,,,Grind_L,,Grind_L|Gap:6.75|IBR:27|A5:7.28|RV:0.72,CLOSED_WIN,622.5,622.5,,,,,,50.5,1176712.0,592.54,72018046.0,11.88,MES
2025-10-13 10:02:00,MES,SELL,6691.75,6691.75,,,,AM10_Swp_S,,AM10_Swp_S|Gap:109|IBR:35.25|A5:15.5|RV:0.97,CLOSED_WIN,632.0,632.0,,,,,,31.25,1042180.0,595.23,72872036.0,8.81,MES
2025-10-14 09:42:00,MES,SELL,6609.75,6609.75,,,,Gap_Fade_S,,Gap_Fade_S|Gap:38.5|IBR:30.5|A5:10.5|RV:2.6,CLOSED_WIN,633.0,633.0,,,,,,49.75,1086669.0,595.92,71972406.0,10.21,MES
2025-10-15 09:42:00,MES,BUY,6736.5,6736.5,,,,AE_L,,AE_L|Gap:37|IBR:12.75|A5:12.71|RV:0.57,CLOSED_WIN,627.5,627.5,,,,,,95.5,1441750.0,596.26,72245430.0,10.64,MES
2025-10-16 10:31:00,MES,BUY,6732.75,6732.75,,,,Grind_L,,Grind_L|Gap:44.75|IBR:27.25|A5:10.16|RV:0.91,CLOSED_WIN,637.0,637.0,,,,,,115.25,1547098.0,596.61,73169546.0,9.82,MES
2025-10-17 09:46:00,MES,BUY,6647.25,6647.25,,,,Gap_Fade_L,,Gap_Fade_L|Gap:60.5|IBR:32.25|A5:12.98|RV:1.76,CLOSED_WIN,627.5,627.5,,,,,,,,,,,MES
2025-10-24 09:40:00,MES,SELL,6827.75,6827.75,,,,Gap_Fade_S,,Gap_Fade_S|Gap:83.75|IBR:21.25|A5:7.05|RV:2.07,CLOSED_WIN,622.5,622.5,,,,,,,,,,,MES
2025-10-30 09:46:00,MES,BUY,6882.25,6882.25,,,,Gap_Fade_L,,Gap_Fade_L|Gap:32.75|IBR:25.5|A5:16.69|RV:1.5,CLOSED_WIN,631.75,631.75,,,,,,69.75,1216768.0,601.3,74542544.0,12.13,MES
2025-11-03 10:34:00,MES,BUY,6854.5,6854.5,,,,IB_Fade_L,,IB_Fade_L|Gap:52.75|IBR:57|A5:8.94|RV:0.84,CLOSED_WIN,633.5,633.5,,,,,,62.75,1231010.0,601.77,75189710.0,12.41,MES
2025-11-04 12:07:00,MES,SELL,6822.25,6822.25,,,,M4_S,,M4_S|Gap:63.75|IBR:50.25|A5:7.66|RV:1.18,CLOSED_WIN,622.5,622.5,,,,,,43.75,978347.0,602.66,75197400.0,11.12,MES
2025-11-05 10:08:00,MES,SELL,6823.5,6823.5,,,,AM10_Swp_S,,AM10_Swp_S|Gap:84.5|IBR:39.75|A5:8.81|RV:1.19,CLOSED_WIN,622.5,622.5,,,,,,54.5,1110581.0,603.06,75653816.0,11.43,MES
2025-11-07 09:46:00,MES,BUY,6703.5,6703.5,,,,Gap_Fade_L,,Gap_Fade_L|Gap:101.75|IBR:36.5|A5:11.96|RV:1.73,CLOSED_LOSS,-1028.5,-1028.5,,,,,,,,,,,MES
2025-11-14 10:31:00,MES,SELL,6735.5,6735.5,,,,IB_Fade_S,,IB_Fade_S|Gap:183.75|IBR:67.5|A5:16.85|RV:1.33,CLOSED_LOSS,-1022.0,-1022.0,,,,,,,,,,,MES
2025-11-17 09:40:00,MES,BUY,6764.0,6764.0,,,,Gap_Fade_L,,Gap_Fade_L|Gap:25.75|IBR:37.5|A5:11.25|RV:1.07,CLOSED_LOSS,-1028.5,-1028.5,,,,,,104.5,1602778.0,605.71,77562930.0,10.02,MES
2025-11-18 09:38:00,MES,BUY,6671.5,6671.5,,,,Gap_Fade_L,,Gap_Fade_L|Gap:98.25|IBR:33.5|A5:12.35|RV:1.64,CLOSED_LOSS,-1022.5,-1022.5,,,,,,111.0,1446225.0,606.39,79076062.0,7.96,MES
2025-11-19 10:02:00,MES,SELL,6692.25,6692.25,,,,AM10_Swp_S,,AM10_Swp_S|Gap:49.5|IBR:58.5|A5:12.64|RV:1.01,CLOSED_WIN,627.5,627.5,,,,,,93.5,1870845.0,606.72,79409432.0,8.32,MES
2025-11-20 10:53:00,MES,SELL,6773.75,6773.75,,,,Apex_S,,Apex_S|Gap:125.25|IBR:30|A5:13.38|RV:0.57,CLOSED_WIN,891.0,891.0,,,,,,87.0,1522055.0,606.98,81316614.0,6.62,MES
2025-11-21 11:09:00,MES,BUY,6558.0,6558.0,,,,IB_Fade_L,,IB_Fade_L|Gap:80.25|IBR:41.75|A5:19.24|RV:0.92,CLOSED_WIN,631.5,631.5,,,,,,,,,,,MES
2025-11-24 10:07:00,MES,SELL,6685.5,6685.5,,,,AM10_Swp_S,,AM10_Swp_S|Gap:100.25|IBR:42.25|A5:15.74|RV:1.02,CLOSED_LOSS,-1018.0,-1018.0,,,,,,240.75,2388491.0,607.27,82340136.0,7.63,MES
2025-11-25 09:46:00,MES,SELL,6696.75,6696.75,,,,Gap_Fade_S,,Gap_Fade_S|Gap:96.25|IBR:33.75|A5:8.06|RV:2.73,CLOSED_WIN,622.5,622.5,,,,,,61.5,1121093.0,608.01,83071608.0,10.11,MES
2025-11-26 10:31:00,MES,BUY,6812.25,6812.25,,,,Grind_L,,Grind_L|Gap:83.75|IBR:28|A5:9.11|RV:0.65,CLOSED_WIN,633.5,633.5,,,,,,,,,,,MES
2025-11-28 10:49:00,MES,BUY,6850.25,6850.25,,,,IB_L,,IB_L|Gap:5.75|IBR:18.5|A5:5.63|RV:1.37,CLOSED_WIN,622.5,622.5,,,,,,,,,,,MES
2025-12-02 10:31:00,MES,BUY,6841.5,6841.5,,,,IB_Fade_L,,IB_Fade_L|Gap:15.25|IBR:19.25|A5:8.08|RV:2.55,CLOSED_WIN,622.5,622.5,,,,,,42.0,1009367.0,609.58,80780356.0,10.88,MES
2025-12-03 10:31:00,MES,BUY,6839.5,6839.5,,,,Grind_L,,Grind_L|Gap:2.75|IBR:27|A5:7.85|RV:0.88,CLOSED_WIN,622.5,622.5,,,,,,45.5,1128664.0,609.97,80290948.0,11.2,MES
2025-12-04 14:13:00,MES,SELL,6859.5,6859.5,,,,M4_S,,M4_S|Gap:36|IBR:32.5|A5:4.56|RV:1.14,CLOSED_WIN,622.5,622.5,,,,,,42.25,915538.0,610.35,80168710.0,11.21,MES
2025-12-05 10:34:00,MES,SELL,6903.0,6903.0,,,,IB_Fade_S,,IB_Fade_S|Gap:13.5|IBR:30|A5:6.54|RV:0.61,CLOSED_WIN,622.5,622.5,,,,,,,,,,,MES
2025-12-09 12:43:00,MES,SELL,6858.0,6858.0,,,,M4_S,,M4_S|Gap:27.75|IBR:21.25|A5:4.43|RV:1.15,CLOSED_WIN,622.5,622.5,,,,,,42.0,931714.0,611.64,79378356.0,10.76,MES
2025-12-11 10:01:00,MES,BUY,6842.75,6842.75,,,,AM10_Swp_L,,AM10_Swp_L|Gap:20|IBR:37|A5:11.32|RV:1.99,CLOSED_WIN,635.25,635.25,,,,,,75.75,1108673.0,612.62,79638588.0,11.57,MES
2025-12-16 09:46:00,MES,SELL,6847.5,6847.5,,,,Gap_Fade_S,,Gap_Fade_S|Gap:30.75|IBR:27|A5:9.55|RV:2.38,CLOSED_LOSS,-1036.75,-1036.75,,,,,,37.75,1236479.0,614.08,82518352.0,9.64,MES
2025-12-18 12:02:00,MES,SELL,6856.5,6856.5,,,,M4_S,,M4_S|Gap:39|IBR:34.75|A5:7.72|RV:1.2,CLOSED_WIN,622.5,622.5,,,,,,121.0,2448974.0,615.06,84249412.0,9.08,MES
2025-12-19 10:03:00,MES,SELL,6881.0,6881.0,,,,AM10_Swp_S,,AM10_Swp_S|Gap:68.75|IBR:41.75|A5:10.3|RV:0.75,CLOSED_WIN,633.0,633.0,,,,,,,,,,,MES
2025-12-22 10:38:00,MES,BUY,6911.5,6911.5,,,,IB_Fade_L,,IB_Fade_L|Gap:91.25|IBR:17|A5:6.13|RV:1.5,CLOSED_WIN,622.5,622.5,,,,,,60.25,1632671.0,615.63,84991364.0,9.97,MES
2026-01-02 11:15:00,MES,BUY,6887.75,6887.75,,,,IB_Fade_L,,IB_Fade_L|Gap:16.5|IBR:54.75|A5:11.32|RV:0.85,CLOSED_LOSS,-1028.5,-1028.5,,,,,,,,,,,MES
2026-01-07 12:33:00,MES,SELL,7000.75,7000.75,,,,M4_S,,M4_S|Gap:45.25|IBR:20.5|A5:3.76|RV:1.23,CLOSED_WIN,622.5,622.5,,,,,,40.0,840616.0,622.81,80025168.0,10.14,MES
2026-01-09 10:34:00,MES,SELL,6997.75,6997.75,,,,IB_Fade_S,,IB_Fade_S|Gap:7.25|IBR:43|A5:9.15|RV:0.54,CLOSED_WIN,633.5,633.5,,,,,,,,,,,MES
2026-01-14 11:20:00,MES,BUY,6939.0,6939.0,,,,IB_Fade_L,,IB_Fade_L|Gap:44.25|IBR:41.5|A5:8.88|RV:0.48,CLOSED_WIN,622.5,622.5,,,,,,38.5,985872.0,626.02,80162612.0,9.69,MES
2026-01-20 09:36:00,MES,SELL,6877.25,6877.25,,,,Apex_S,,Apex_S|Gap:105|IBR:15.75|A5:11.67|RV:1.7,CLOSED_WIN,1089.0,1089.0,,,,,,42.5,873741.0,627.38,80590796.0,9.66,MES
2026-01-21 10:03:00,MES,SELL,6881.75,6881.75,,,,AM10_Swp_S,,AM10_Swp_S|Gap:123.75|IBR:39|A5:9.14|RV:1.24,CLOSED_LOSS,-1046.5,-1046.5,,,,,,82.5,1415746.0,628.73,82191398.0,8.44,MES
2026-01-22 10:01:00,MES,BUY,6931.75,6931.75,,,,AM10_Swp_L,,AM10_Swp_L|Gap:126.5|IBR:35.25|A5:12.23|RV:1.87,CLOSED_WIN,627.5,627.5,,,,,,108.0,1611566.0,629.66,81721794.0,8.84,MES
2026-01-23 10:31:00,MES,BUY,6948.75,6948.75,,,,Grind_L,,Grind_L|Gap:25|IBR:27.5|A5:7.48|RV:0.94,CLOSED_WIN,622.5,622.5,,,,,,,,,,,MES
2026-01-27 10:37:00,MES,BUY,7008.5,7008.5,,,,IB_L,,IB_L|Gap:48.5|IBR:19.5|A5:5.01|RV:1.79,CLOSED_WIN,622.5,622.5,,,,,,24.5,688957.0,632.36,81360408.0,9.4,MES
2026-01-29 12:47:00,MES,SELL,6951.0,6951.0,,,,M4_S,,M4_S|Gap:6.5|IBR:83.25|A5:9.74|RV:1.26,CLOSED_WIN,637.0,637.0,,,,,,48.5,859362.0,634.05,80527486.0,8.88,MES
2026-01-30 10:48:00,MES,SELL,6986.25,6986.25,,,,IB_Fade_S,,IB_Fade_S|Gap:41|IBR:28.75|A5:10.87|RV:1.13,CLOSED_WIN,633.0,633.0,,,,,,,,,,,MES
2026-02-02 09:45:00,MES,BUY,6974.0,6974.0,,,,Gap_Fade_L,,Gap_Fade_L|Gap:49.25|IBR:34|A5:11.28|RV:0.85,CLOSED_WIN,635.25,635.25,,,,,,104.25,1469440.0,634.83,80755066.0,8.42,MES
2026-02-03 09:44:00,MES,SELL,7000.0,7000.0,,,,Gap_Fade_S,,Gap_Fade_S|Gap:43.75|IBR:21.25|A5:6.21|RV:4.35,CLOSED_WIN,622.5,622.5,,,,,,19.25,862837.0,636.48,80315478.0,7.76,MES
2026-02-04 11:23:00,MES,BUY,6913.0,6913.0,,,,IB_Fade_L,,IB_Fade_L|Gap:53.25|IBR:50|A5:14.61|RV:0.62,CLOSED_WIN,632.25,632.25,,,,,,98.0,1547024.0,637.29,79113700.0,7.1,MES
2026-02-05 09:36:00,MES,SELL,6852.75,6852.75,,,,Apex_S,,Apex_S|Gap:88.25|IBR:27.25|A5:18.48|RV:3.15,CLOSED_WIN,693.0,693.0,,,,,,92.5,1661347.0,638.13,78906792.0,5.63,MES
2026-02-06 09:38:00,MES,BUY,6884.5,6884.5,,,,Gap_Fade_L,,Gap_Fade_L|Gap:50|IBR:36.75|A5:15.52|RV:1.42,CLOSED_WIN,632.0,632.0,,,,,,,,,,,MES
2026-02-13 10:12:00,MES,SELL,6862.0,6862.0,,,,AM10_Swp_S,,AM10_Swp_S|Gap:109|IBR:55|A5:14.41|RV:0.85,CLOSED_WIN,632.25,632.25,,,,,,,,,,,MES
2026-02-17 10:45:00,MES,BUY,6800.5,6800.5,,,,IB_Fade_L,,IB_Fade_L|Gap:15.5|IBR:65.5|A5:14.69|RV:0.58,CLOSED_WIN,632.25,632.25,,,,,,134.0,1670173.0,642.58,81164538.0,5.53,MES
2026-02-19 09:46:00,MES,SELL,6865.0,6865.0,,,,Gap_Fade_S,,Gap_Fade_S|Gap:10.25|IBR:23.25|A5:9.46|RV:2.52,CLOSED_LOSS,-1046.5,-1046.5,,,,,,53.25,909624.0,644.51,81467030.0,5.64,MES
2026-02-23 09:41:00,MES,SELL,6913.5,6913.5,,,,Gap_Fade_S,,Gap_Fade_S|Gap:31|IBR:24|A5:7.87|RV:2.83,CLOSED_WIN,622.5,622.5,,,,,,46.75,873368.0,645.16,82363080.0,6.3,MES
2026-02-26 09:43:00,MES,SELL,6942.25,6942.25,,,,Gap_Fade_S,,Gap_Fade_S|Gap:57.25|IBR:20|A5:4.25|RV:2.49,CLOSED_WIN,622.5,622.5,,,,,,53.5,697000.0,647.76,81344718.0,5.85,MES
2026-02-27 10:48:00,MES,SELL,6879.25,6879.25,,,,IB_Fade_S,,IB_Fade_S|Gap:104|IBR:38.5|A5:11.27|RV:0.66,CLOSED_WIN,635.25,635.25,,,,,,,,,,,MES
2026-03-02 09:40:00,MES,SELL,6834.0,6834.0,,,,Apex_S,,Apex_S|Gap:109|IBR:44.75|A5:12.95|RV:1.81,CLOSED_LOSS,-1522.5,-1522.5,,,,,,67.5,1167199.0,648.3,81194676.0,5.25,MES
2026-03-03 09:37:00,MES,SELL,6783.25,6783.25,,,,Apex_S,,Apex_S|Gap:116.25|IBR:25.25|A5:15.48|RV:3.08,CLOSED_WIN,792.0,792.0,,,,,,67.5,1100339.0,649.3,80391166.0,4.22,MES
2026-03-04 10:15:00,MES,SELL,6854.5,6854.5,,,,AM10_Swp_S,,AM10_Swp_S|Gap:49.5|IBR:41.75|A5:13.52|RV:1.16,CLOSED_LOSS,-1021.5,-1021.5,,,,,,131.0,1430262.0,649.8,79801808.0,4.88,MES
2026-03-05 09:40:00,MES,SELL,6858.0,6858.0,,,,Gap_Fade_S,,Gap_Fade_S|Gap:17.5|IBR:26.75|A5:8.67|RV:2.58,CLOSED_WIN,622.5,622.5,,,,,,63.0,919912.0,650.26,79861948.0,4.22,MES
2026-03-06 10:24:00,MES,SELL,6757.5,6757.5,,,,AM10_Swp_S,,AM10_Swp_S|Gap:123.75|IBR:47|A5:16.83|RV:1.25,CLOSED_WIN,631.75,631.75,,,,,,,,,,,MES
2026-03-09 09:44:00,MES,BUY,6660.5,6660.5,,,,Gap_Fade_L,,Gap_Fade_L|Gap:153.75|IBR:40|A5:14.63|RV:1.29,CLOSED_WIN,632.25,632.25,,,,,,100.5,1335757.0,650.67,80484554.0,2.79,MES
2026-03-10 09:36:00,MES,SELL,6785.75,6785.75,,,,Gap_Fade_S,,Gap_Fade_S|Gap:51.25|IBR:20.75|A5:14.25|RV:2.08,CLOSED_WIN,632.25,632.25,,,,,,177.5,1389079.0,651.61,82082302.0,3.37,MES
2026-03-12 09:39:00,MES,SELL,6727.0,6727.0,,,,Apex_S,,Apex_S|Gap:60.5|IBR:16.75|A5:11.17|RV:2.49,CLOSED_WIN,1089.0,1089.0,,,,,,68.25,1120154.0,652.56,83545324.0,1.53,MES
2026-03-19 09:41:00,MES,SELL,6623.0,6623.0,,,,Apex_S,,Apex_S|Gap:92.5|IBR:18|A5:11.39|RV:2.1,CLOSED_LOSS,-1674.75,-1674.75,,,,,,102.75,1182378.0,654.54,85701378.0,0.27,MES
2026-03-23 10:01:00,MES,SELL,6679.0,6679.0,,,,AM10_Swp_S,,AM10_Swp_S|Gap:1.75|IBR:44.5|A5:16.57|RV:1.07,CLOSED_WIN,632.0,632.0,,,,,,75.75,1370103.0,654.83,87461962.0,-1.21,MES
2026-03-24 09:36:00,MES,SELL,6599.0,6599.0,,,,Apex_S,,Apex_S|Gap:30.25|IBR:22.25|A5:11.68|RV:3.05,CLOSED_WIN,1089.0,1089.0,,,,,,88.75,1227174.0,655.5,89204272.0,-0.61,MES
2026-03-27 09:38:00,MES,BUY,6475.25,6475.25,,,,Gap_Fade_L,,Gap_Fade_L|Gap:146.25|IBR:29.5|A5:16.37|RV:1.74,CLOSED_WIN,632.0,632.0,,,,,,,,,,,MES
2026-03-30 09:44:00,MES,BUY,6440.25,6440.25,,,,Gap_Fade_L,,Gap_Fade_L|Gap:57.25|IBR:36|A5:11.9|RV:1.09,CLOSED_LOSS,-1028.5,-1028.5,,,,,,105.0,1171834.0,656.27,90280976.0,-3.63,MES
2026-03-31 10:03:00,MES,SELL,6494.0,6494.0,,,,AM10_Swp_S,,AM10_Swp_S|Gap:45|IBR:47|A5:14.3|RV:0.66,CLOSED_WIN,632.25,632.25,,,,,,96.25,1168177.0,656.72,92174152.0,-1.23,MES
2026-04-01 10:48:00,MES,BUY,6625.0,6625.0,,,,AE_L,,AE_L|Gap:218|IBR:31|A5:13.88|RV:0.64,CLOSED_WIN,632.25,632.25,,,,,,136.25,1652849.0,657.05,91898516.0,-0.53,MES
2026-04-06 10:05:00,MES,SELL,6627.5,6627.5,,,,Apex_S,,Apex_S|Gap:0.5|IBR:44.75|A5:11.29|RV:1.78,CLOSED_LOSS,-1042.25,-1042.25,,,,,,49.75,1148057.0,657.34,90708800.0,-0.49,MES
2026-04-07 09:36:00,MES,SELL,6617.75,6617.75,,,,Gap_Fade_S,,Gap_Fade_S|Gap:25.75|IBR:24.75|A5:6.9|RV:4.12,CLOSED_WIN,622.5,622.5,,,,,,42.25,723687.0,658.03,90087088.0,-0.08,MES
2026-04-13 10:02:00,MES,SELL,6854.5,6854.5,,,,AM10_Swp_S,,AM10_Swp_S|Gap:28.5|IBR:35|A5:8.26|RV:1.25,CLOSED_WIN,622.5,622.5,,,,,,74.25,1177855.0,659.27,90403926.0,2.8,MES
2026-04-29 10:33:00,MES,BUY,7170.5,7170.5,,,,IB_L,,IB_L|Gap:43|IBR:20.25|A5:5.16|RV:1.48,CLOSED_LOSS,-1046.25,-1046.25,,,,,,31.25,903353.0,665.21,79497622.0,6.7,MES
2026-04-30 09:38:00,MES,SELL,7175.75,7175.75,,,,Gap_Fade_S,,Gap_Fade_S|Gap:29|IBR:26|A5:14.92|RV:2.26,CLOSED_WIN,632.0,632.0,,,,,,59.5,1015130.0,665.71,79371034.0,7.68,MES
2026-05-01 10:08:00,MES,SELL,7292.5,7292.5,,,,AM10_Swp_S,,AM10_Swp_S|Gap:96.5|IBR:39.25|A5:7.77|RV:0.64,CLOSED_WIN,622.5,622.5,,,,,,,,,,,MES
2026-05-04 10:03:00,MES,BUY,7255.0,7255.0,,,,Retest_L_E,,Retest_L_E|Gap:6.5|IBR:15.5|A5:5.77|RV:0.92,CLOSED_WIN,622.5,622.5,,,,,,96.25,1119858.0,666.22,79059042.0,7.89,MES
2026-05-05 10:31:00,MES,BUY,7281.25,7281.25,,,,Grind_L,,Grind_L|Gap:9.25|IBR:22.25|A5:8.14|RV:0.55,CLOSED_WIN,622.5,622.5,,,,,,71.5,1134623.0,667.2,77024876.0,8.2,MES
2026-05-06 12:46:00,MES,SELL,7363.75,7363.75,,,,M4_S,,M4_S|Gap:100.75|IBR:29.25|A5:4.4|RV:1.28,CLOSED_WIN,622.5,622.5,,,,,,37.5,777656.0,667.75,76614680.0,9.61,MES
2026-05-07 10:41:00,MES,BUY,7401.0,7401.0,,,,IB_L,,IB_L|Gap:112|IBR:16.5|A5:5.32|RV:1.41,CLOSED_WIN,622.5,622.5,,,,,,59.5,992617.0,668.29,76521782.0,9.19,MES
2026-05-11 10:54:00,MES,BUY,7444.5,7444.5,,,,IB_L,,IB_L|Gap:47.25|IBR:31.75|A5:5.89|RV:1.77,CLOSED_WIN,622.5,622.5,,,,,,64.5,1333878.0,668.83,76032904.0,10.0,MES
2026-05-15 10:25:00,MES,SELL,7459.0,7459.0,,,,AM10_Swp_S,,AM10_Swp_S|Gap:10|IBR:47.75|A5:12.61|RV:1.24,CLOSED_WIN,627.5,627.5,,,,,,,,,,,MES
2026-05-19 10:49:00,MES,BUY,7358.75,7358.75,,,,IB_Fade_L,,IB_Fade_L|Gap:45.5|IBR:45.75|A5:12.78|RV:0.97,CLOSED_WIN,627.5,627.5,,,,,,74.5,1313391.0,672.75,69738806.0,8.78,MES
2026-05-21 12:51:00,MES,SELL,7418.75,7418.75,,,,M4_S,,M4_S|Gap:45.75|IBR:33.75|A5:7.85|RV:1.2,CLOSED_LOSS,-1046.25,-1046.25,,,,,,81.25,1112984.0,673.92,68521870.0,9.93,MES
2026-05-22 09:41:00,MES,SELL,7509.25,7509.25,,,,Gap_Fade_S,,Gap_Fade_S|Gap:45|IBR:25.25|A5:10.02|RV:3.18,CLOSED_WIN,637.0,637.0,,,,,,,,,,,MES
2026-06-01 10:31:00,MES,BUY,7589.25,7589.25,,,,Grind_L,,Grind_L|Gap:1.25|IBR:20.5|A5:7.18|RV:0.93,CLOSED_WIN,622.5,622.5,,,,,,57.5,834845.0,676.93,63808552.0,11.46,MES
2026-06-02 12:02:00,MES,SELL,7622.75,7622.75,,,,M4_S,,M4_S|Gap:2.5|IBR:17|A5:4.03|RV:1.14,CLOSED_WIN,622.5,622.5,,,,,,51.25,934440.0,678.13,59815088.0,11.72,MES
2026-06-05 10:03:00,MES,BUY,7517.25,7517.25,,,,AM10_Swp_L,,AM10_Swp_L|Gap:23.75|IBR:47|A5:8.86|RV:3.33,CLOSED_WIN,622.5,622.5,,,,,,,,,,,MES
2026-06-08 09:42:00,MES,BUY,7444.25,7444.25,,,,Gap_Fade_L,,Gap_Fade_L|Gap:143.75|IBR:31.75|A5:18.95|RV:0.98,CLOSED_WIN,631.75,631.75,,,,,,61.75,774367.0,679.81,57283106.0,8.21,MES
2026-06-10 09:43:00,MES,BUY,7368.5,7368.5,,,,Gap_Fade_L,,Gap_Fade_L|Gap:61|IBR:38|A5:18.49|RV:1.59,CLOSED_WIN,631.75,631.75,,,,,,225.0,1992039.0,681.3,55241590.0,6.2,MES
2026-06-11 09:44:00,MES,BUY,7294.25,7294.25,,,,Gap_Fade_L,,Gap_Fade_L|Gap:84.75|IBR:28|A5:14.39|RV:1.68,CLOSED_WIN,632.25,632.25,,,,,,148.75,1232908.0,681.81,53917518.0,7.93,MES
2026-06-12 09:34:00,MES,SELL,7398.0,7398.0,,,,Gap_Fade_S,,Gap_Fade_S|Gap:145|IBR:27|A5:12.26|RV:3.23,CLOSED_WIN,627.5,627.5,,,,,,,,,,,MES
2026-06-15 10:20:00,MES,BUY,7614.0,7614.0,,,,AE_L,,AE_L|Gap:203.25|IBR:24.25|A5:14.03|RV:0.55,CLOSED_WIN,632.25,632.25,,,,,,157.0,1549102.0,682.31,53102278.0,8.43,MES
2026-06-17 12:37:00,MES,SELL,7584.25,7584.25,,,,M4_S,,M4_S|Gap:34.75|IBR:25.75|A5:6.42|RV:1.12,CLOSED_WIN,622.5,622.5,,,,,,56.0,1305105.0,683.92,53817674.0,8.06,MES
2026-06-18 09:46:00,MES,BUY,7543.75,7543.75,,,,Gap_Fade_L,,Gap_Fade_L|Gap:10.25|IBR:44.75|A5:20.87|RV:1.5,CLOSED_WIN,631.5,631.5,,,,,,,,,,,MES
2026-06-23 09:43:00,MES,BUY,7446.0,7446.0,,,,Gap_Fade_L,,Gap_Fade_L|Gap:141.25|IBR:31|A5:15.6|RV:1.78,CLOSED_WIN,632.0,632.0,,,,,,72.0,977118.0,685.48,53844806.0,7.02,MES
2026-06-24 09:45:00,MES,BUY,7452.75,7452.75,,,,Gap_Fade_L,,Gap_Fade_L|Gap:94.25|IBR:30.25|A5:10.63|RV:1.52,CLOSED_WIN,633.0,633.0,,,,,,62.25,1155582.0,685.95,53909880.0,6.89,MES
2026-06-25 09:38:00,MES,SELL,7469.5,7469.5,,,,Gap_Fade_S,,Gap_Fade_S|Gap:48.25|IBR:26|A5:12.77|RV:2,CLOSED_WIN,627.5,627.5,,,,,,92.25,1328722.0,686.41,53718958.0,6.98,MES
2026-06-26 11:28:00,MES,SELL,7433.5,7433.5,,,,IB_Fade_S,,IB_Fade_S|Gap:47.25|IBR:76.25|A5:13.3|RV:0.69,CLOSED_LOSS,-1022.5,-1022.5,,,,,,,,,,,MES
2026-06-29 09:37:00,MES,SELL,7464.0,7464.0,,,,Gap_Fade_S,,Gap_Fade_S|Gap:33.75|IBR:34.5|A5:17.69|RV:2.54,CLOSED_WIN,631.75,631.75,,,,,,83.25,1092973.0,686.84,53974830.0,6.14,MES
2026-06-30 10:07:00,MES,SELL,7526.25,7526.25,,,,AM10_Swp_S,,AM10_Swp_S|Gap:98.25|IBR:37|A5:7.8|RV:1.08,CLOSED_LOSS,-1046.25,-1046.25,,,,,,96.0,994139.0,687.8,53835368.0,8.57,MES
2026-07-01 09:34:00,MES,SELL,7512.5,7512.5,,,,Gap_Fade_S,,Gap_Fade_S|Gap:31.75|IBR:21.5|A5:5.9|RV:2.07,CLOSED_LOSS,-1046.25,-1046.25,,,,,,52.25,911489.0,688.28,53906450.0,8.35,MES
2026-07-02 09:39:00,MES,SELL,7564.0,7564.0,,,,Gap_Fade_S,,Gap_Fade_S|Gap:6.75|IBR:21.25|A5:7.66|RV:2.47,CLOSED_LOSS,-1046.25,-1046.25,,,,,,,,,,,MES
