Timestamp,Symbol,Action,Theo_Price,Real_Price,Slippage_Pts,Qty,SL_Points,Engine,Trade_Duration_Mins,Telemetry,Status,Account_PnL_Context,Trade_Exact_PnL,A5,RV,Vw,NKD,Net_Points,R_Multiple,Session_Range,Session_Volume,SMA200,Vol_SMA50,Regime_Dist
2023-06-29 08:57,MNQ_NIGHT,SELL,15131.75,15131.75,0.0,15,,P6_S,16.0,"{""A5"": 14.03, ""RV"": 1.44, ""Vw"": -0.2, ""NKD"": -1.0}",CLOSED_WIN,607.5,607.5,14.03,1.44,-0.2,-1.0,40.5,,,,,,
2023-07-06 01:43,MNQ_NIGHT,BUY,15280.75,15280.75,0.0,15,,Frank_L,21.0,"{""A5"": 6.32, ""RV"": 0.7, ""Vw"": -0.27, ""NKD"": -1.0}",CLOSED_WIN,1215.0,607.5,6.32,0.7,-0.27,-1.0,40.5,,,,,,
2023-07-10 02:04,MNQ_NIGHT,BUY,15089.25,15089.25,0.0,15,,Judas_L,68.0,"{""A5"": 8.81, ""RV"": 1.0, ""Vw"": -0.37, ""NKD"": 0.0}",CLOSED_WIN,1822.5,607.5,8.81,1.0,-0.37,0.0,40.5,,,,,,
2023-07-20 08:40,MNQ_NIGHT,SELL,15839.0,15839.0,0.0,15,,Pre_Brk_S,5.0,"{""A5"": 9.38, ""RV"": 3.57, ""Vw"": -0.12, ""NKD"": -1.0}",CLOSED_WIN,2430.0,607.5,9.38,3.57,-0.12,-1.0,40.5,,,,,,
2023-07-28 01:56,MNQ_NIGHT,BUY,15641.75,15641.75,0.0,15,,AsianGrind_L,76.0,"{""A5"": 13.31, ""RV"": 1.46, ""Vw"": 0.21, ""NKD"": 1.0}",CLOSED_WIN,3037.5,607.5,13.31,1.46,0.21,1.0,40.5,,,,,,
2023-08-02 08:37,MNQ_NIGHT,SELL,15671.75,15671.75,0.0,15,,P6_S,49.0,"{""A5"": 13.73, ""RV"": 1.82, ""Vw"": -0.13, ""NKD"": -1.0}",CLOSED_LOSS,2977.5,-60.0,13.73,1.82,-0.13,-1.0,-4.0,,,,,,
2023-08-08 02:03,MNQ_NIGHT,BUY,15413.75,15413.75,0.0,15,,Judas_L,113.0,"{""A5"": 6.66, ""RV"": 1.38, ""Vw"": -0.24, ""NKD"": 1.0}",CLOSED_WIN,3585.0,607.5,6.66,1.38,-0.24,1.0,40.5,,,,,,
2023-08-15 04:02,MNQ_NIGHT,BUY,15197.0,15197.0,0.0,15,,Pre_Rev_L,35.0,"{""A5"": 13.94, ""RV"": 0.99, ""Vw"": -0.58, ""NKD"": -1.0}",CLOSED_WIN,4192.5,607.5,13.94,0.99,-0.58,-1.0,40.5,,,,,,
2023-08-21 02:02,MNQ_NIGHT,BUY,14729.0,14729.0,0.0,15,,Judas_L,60.0,"{""A5"": 6.29, ""RV"": 1.45, ""Vw"": -0.24, ""NKD"": -1.0}",CLOSED_WIN,4800.0,607.5,6.29,1.45,-0.24,-1.0,40.5,,,,,,
2023-09-05 04:15,MNQ_NIGHT,BUY,15432.75,15432.75,0.0,15,,Pre_Rev_L,39.0,"{""A5"": 12.09, ""RV"": 1.43, ""Vw"": -0.59, ""NKD"": 1.0}",CLOSED_WIN,5407.5,607.5,12.09,1.43,-0.59,1.0,40.5,,,,,,
2023-09-07 04:30,MNQ_NIGHT,BUY,15277.25,15277.25,0.0,15,,Pre_Rev_L,23.0,"{""A5"": 12.79, ""RV"": 1.4, ""Vw"": -0.45, ""NKD"": -1.0}",CLOSED_WIN,6015.0,607.5,12.79,1.4,-0.45,-1.0,40.5,,,,,,
2023-09-13 08:43,MNQ_NIGHT,SELL,15465.75,15465.75,0.0,15,,P6_S,9.0,"{""A5"": 21.25, ""RV"": 1.38, ""Vw"": -0.11, ""NKD"": 0.0}",CLOSED_LOSS,4995.0,-1020.0,21.25,1.38,-0.11,0.0,-68.0,,,,,,
2023-09-28 08:01,MNQ_NIGHT,SELL,14705.0,14705.0,0.0,15,,Pre_Brk_S,17.0,"{""A5"": 13.14, ""RV"": 1.26, ""Vw"": -0.21, ""NKD"": -1.0}",CLOSED_LOSS,3975.0,-1020.0,13.14,1.26,-0.21,-1.0,-68.0,,,,,,
2023-09-29 04:30,MNQ_NIGHT,SELL,14960.5,14960.5,0.0,15,,Pre_Rev_S,28.0,"{""A5"": 11.36, ""RV"": 1.12, ""Vw"": 0.47, ""NKD"": 0.0}",CLOSED_WIN,4582.5,607.5,11.36,1.12,0.47,0.0,40.5,,,,,,
2023-10-02 02:05,MNQ_NIGHT,BUY,14941.25,14941.25,0.0,15,,Judas_L,29.0,"{""A5"": 6.95, ""RV"": 1.46, ""Vw"": -0.17, ""NKD"": -1.0}",CLOSED_WIN,5190.0,607.5,6.95,1.46,-0.17,-1.0,40.5,,,,,,
2023-10-04 01:55,MNQ_NIGHT,BUY,14645.5,14645.5,0.0,15,,Frank_L,22.0,"{""A5"": 10.48, ""RV"": 1.11, ""Vw"": -0.25, ""NKD"": -1.0}",CLOSED_LOSS,4170.0,-1020.0,10.48,1.11,-0.25,-1.0,-68.0,,,,,,
2023-10-09 08:43,MNQ_NIGHT,SELL,14974.0,14974.0,0.0,15,,P6_S,17.0,"{""A5"": 13.33, ""RV"": 1.14, ""Vw"": -0.2, ""NKD"": -1.0}",CLOSED_LOSS,3150.0,-1020.0,13.33,1.14,-0.2,-1.0,-68.0,,,,,,
2023-10-17 02:21,MNQ_NIGHT,BUY,15264.5,15264.5,0.0,15,,Judas_L,44.0,"{""A5"": 5.48, ""RV"": 1.34, ""Vw"": -0.11, ""NKD"": 1.0}",CLOSED_WIN,3757.5,607.5,5.48,1.34,-0.11,1.0,40.5,,,,,,
2023-10-25 02:16,MNQ_NIGHT,BUY,14765.75,14765.75,0.0,15,,Judas_L,66.0,"{""A5"": 6.16, ""RV"": 1.34, ""Vw"": -0.22, ""NKD"": -1.0}",CLOSED_LOSS,2737.5,-1020.0,6.16,1.34,-0.22,-1.0,-68.0,,,,,,
2023-10-31 01:30,MNQ_NIGHT,BUY,14330.0,14330.0,0.0,15,,Frank_L,70.0,"{""A5"": 8.31, ""RV"": 0.81, ""Vw"": -0.26, ""NKD"": 1.0}",CLOSED_WIN,3345.0,607.5,8.31,0.81,-0.26,1.0,40.5,,,,,,
2023-11-08 02:10,MNQ_NIGHT,BUY,15343.75,15343.75,0.0,15,,Judas_L,72.0,"{""A5"": 5.27, ""RV"": 1.0, ""Vw"": -0.11, ""NKD"": -1.0}",CLOSED_WIN,3952.5,607.5,5.27,1.0,-0.11,-1.0,40.5,,,,,,
2024-01-05 01:45,MNQ_NIGHT,BUY,16404.5,16404.5,0.0,15,,Frank_L,91.0,"{""A5"": 6.17, ""RV"": 1.12, ""Vw"": -0.25, ""NKD"": -1.0}",CLOSED_WIN,4560.0,607.5,6.17,1.12,-0.25,-1.0,40.5,,,,,,
2024-01-11 08:45,MNQ_NIGHT,SELL,16935.25,16935.25,0.0,14,,P6_S,13.0,"{""A5"": 22.31, ""RV"": 1.48, ""Vw"": -0.3, ""NKD"": 0.0}",CLOSED_WIN,5141.0,581.0,22.31,1.48,-0.3,0.0,41.5,,,,,,
2024-01-16 01:07,MNQ_NIGHT,BUY,16869.75,16869.75,0.0,15,,Frank_L,99.0,"{""A5"": 5.84, ""RV"": 0.83, ""Vw"": -0.49, ""NKD"": -1.0}",CLOSED_WIN,5748.5,607.5,5.84,0.83,-0.49,-1.0,40.5,,,,,,
2024-01-17 01:22,MNQ_NIGHT,BUY,16854.75,16854.75,0.0,15,,Frank_L,55.0,"{""A5"": 9.04, ""RV"": 0.73, ""Vw"": -0.39, ""NKD"": -1.0}",CLOSED_LOSS,4728.5,-1020.0,9.04,0.73,-0.39,-1.0,-68.0,,,,,,
2024-02-20 01:06,MNQ_NIGHT,BUY,17686.5,17686.5,0.0,15,,Frank_L,23.0,"{""A5"": 6.16, ""RV"": 0.72, ""Vw"": -0.41, ""NKD"": -1.0}",CLOSED_WIN,5336.0,607.5,6.16,0.72,-0.41,-1.0,40.5,,181.25,225896.0,371.15,44886606.0,13.61
2024-02-21 19:38,MNQ_NIGHT,BUY,17747.5,17747.5,0.0,15,,Tokyo_L,11.0,"{""A5"": 18.26, ""RV"": 1.27, ""Vw"": 0.2, ""NKD"": 1.0}",CLOSED_WIN,5943.5,607.5,18.26,1.27,0.2,1.0,40.5,,141.75,196575.0,371.7,44890316.0,12.99
2024-03-05 08:28,MNQ_NIGHT,SELL,18152.75,18152.75,0.0,15,,Pre_Brk_S,30.0,"{""A5"": 11.66, ""RV"": 1.92, ""Vw"": -0.11, ""NKD"": 1.0}",CLOSED_WIN,6551.0,607.5,11.66,1.92,-0.11,1.0,40.5,,238.75,227344.0,376.81,43586404.0,14.19
2024-03-11 08:02,MNQ_NIGHT,SELL,17970.5,17970.5,0.0,15,,P6_S,7.0,"{""A5"": 16.61, ""RV"": 1.9, ""Vw"": -0.22, ""NKD"": 1.0}",CLOSED_WIN,7158.5,607.5,16.61,1.9,-0.22,1.0,40.5,,170.0,181037.0,378.89,45069030.0,13.91
2024-03-12 08:31,MNQ_NIGHT,SELL,18243.25,18243.25,0.0,15,,Pre_Brk_S,0.0,"{""A5"": 10.71, ""RV"": 16.63, ""Vw"": -0.3, ""NKD"": 1.0}",CLOSED_LOSS,6138.5,-1020.0,10.71,16.63,-0.3,1.0,-68.0,,202.25,115877.0,379.46,45634464.0,15.37
2024-04-03 08:32,MNQ_NIGHT,SELL,18258.75,18258.75,0.0,15,,P6_S,52.0,"{""A5"": 14.19, ""RV"": 1.19, ""Vw"": -0.17, ""NKD"": 0.0}",CLOSED_WIN,6746.0,607.5,14.19,1.19,-0.17,0.0,40.5,,112.5,162607.0,386.1,43895222.0,13.14
2024-04-18 08:46,MNQ_NIGHT,SELL,17668.5,17668.5,0.0,15,,Pre_Brk_S,40.0,"{""A5"": 15.42, ""RV"": 3.38, ""Vw"": -0.25, ""NKD"": 1.0}",CLOSED_LOSS,6371.0,-375.0,15.42,3.38,-0.25,1.0,-25.0,,218.75,220970.0,390.05,45245192.0,7.26
2024-04-19 01:56,MNQ_NIGHT,BUY,17383.0,17383.0,0.0,15,,AsianGrind_L,16.0,"{""A5"": 19.56, ""RV"": 0.77, ""Vw"": 0.27, ""NKD"": 1.0}",CLOSED_WIN,6978.5,607.5,19.56,0.77,0.27,1.0,40.5,,371.5,359195.0,390.28,45995558.0,4.98
2024-04-25 08:40,MNQ_NIGHT,SELL,17399.25,17399.25,0.0,14,,Pre_Brk_S,10.0,"{""A5"": 23.27, ""RV"": 2.4, ""Vw"": -0.38, ""NKD"": -1.0}",CLOSED_WIN,7587.5,609.0,23.27,2.4,-0.38,-1.0,43.5,,216.75,273410.0,391.43,46665480.0,7.14
2024-05-01 19:40,MNQ_NIGHT,BUY,17514.5,17514.5,0.0,15,,Tokyo_L,21.0,"{""A5"": 15.14, ""RV"": 0.77, ""Vw"": 0.07, ""NKD"": 1.0}",CLOSED_WIN,8195.0,607.5,15.14,0.77,0.07,1.0,40.5,,117.0,179056.0,392.44,46189678.0,6.13
2024-06-04 08:04,MNQ_NIGHT,SELL,18583.0,18583.0,0.0,15,,Pre_Brk_S,3.0,"{""A5"": 14.08, ""RV"": 1.84, ""Vw"": -0.06, ""NKD"": 1.0}",CLOSED_WIN,8802.5,607.5,14.08,1.84,-0.06,1.0,40.5,,165.75,157777.0,401.09,39876522.0,11.93
2024-07-02 08:01,MNQ_NIGHT,SELL,19934.25,19934.25,0.0,15,,Pre_Brk_S,64.0,"{""A5"": 11.67, ""RV"": 1.51, ""Vw"": -0.18, ""NKD"": 1.0}",CLOSED_LOSS,7782.5,-1020.0,11.67,1.51,-0.18,1.0,-68.0,,188.0,193225.0,411.16,32879414.0,17.21
2024-07-17 03:23,MNQ_NIGHT,SELL,20412.5,20412.5,0.0,15,,P6_S,18.0,"{""A5"": 15.7, ""RV"": 1.0, ""Vw"": -0.44, ""NKD"": -1.0}",CLOSED_WIN,8390.0,607.5,15.7,1.0,-0.44,-1.0,40.5,,391.5,259285.0,417.83,30316704.0,14.11
2024-07-24 01:01,MNQ_NIGHT,BUY,19736.75,19736.75,0.0,15,,Frank_L,17.0,"{""A5"": 9.38, ""RV"": 1.19, ""Vw"": -0.34, ""NKD"": -1.0}",CLOSED_WIN,8997.5,607.5,9.38,1.19,-0.34,-1.0,40.5,,382.0,245862.0,420.79,31836198.0,8.98
2024-07-25 04:06,MNQ_NIGHT,BUY,19138.75,19138.75,0.0,11,,Pre_Rev_L,3.0,"{""A5"": 30.05, ""RV"": 1.51, ""Vw"": -0.5, ""NKD"": -1.0}",CLOSED_LOSS,7969.0,-1028.5,30.05,1.51,-0.5,-1.0,-93.5,,288.0,308383.0,421.26,32561450.0,7.66
2024-07-30 04:39,MNQ_NIGHT,SELL,19248.5,19248.5,0.0,15,,Pre_Rev_S,52.0,"{""A5"": 16.18, ""RV"": 0.52, ""Vw"": 0.42, ""NKD"": 1.0}",CLOSED_WIN,8576.5,607.5,16.18,0.52,0.42,1.0,40.5,,243.75,157842.0,422.66,32537538.0,7.13
2024-07-30 19:43,MNQ_NIGHT,BUY,19026.75,19026.75,0.0,13,,Tokyo_L,6.0,"{""A5"": 24.4, ""RV"": 0.73, ""Vw"": 0.28, ""NKD"": 1.0}",CLOSED_WIN,9168.0,591.5,24.4,0.73,0.28,1.0,45.5,,243.75,157842.0,422.66,32537538.0,7.13
2024-07-31 19:36,MNQ_NIGHT,BUY,19682.75,19682.75,0.0,15,,Tokyo_L,37.0,"{""A5"": 21.97, ""RV"": 0.65, ""Vw"": 0.23, ""NKD"": 1.0}",CLOSED_WIN,9783.0,615.0,21.97,0.65,0.23,1.0,41.0,,552.75,253047.0,423.17,32712506.0,10.16
2024-08-04 20:00,MNQ_NIGHT,SELL,18262.25,18262.25,0.0,8,,Tokyo_S,13.0,"{""A5"": 37.07, ""RV"": 0.88, ""Vw"": -0.21, ""NKD"": -1.0}",CLOSED_WIN,10343.0,560.0,37.07,0.88,-0.21,-1.0,70.0,,,,,,
2024-08-06 04:10,MNQ_NIGHT,BUY,18194.75,18194.75,0.0,8,,Pre_Rev_L,9.0,"{""A5"": 38.43, ""RV"": 2.03, ""Vw"": -0.6, ""NKD"": 0.0}",CLOSED_LOSS,9395.0,-948.0,38.43,2.03,-0.6,0.0,-118.5,,471.0,223698.0,424.78,35911784.0,2.4
2024-08-07 19:55,MNQ_NIGHT,SELL,17800.75,17800.75,0.0,9,,Tokyo_S,7.0,"{""A5"": 34.12, ""RV"": 0.87, ""Vw"": -0.26, ""NKD"": -1.0}",CLOSED_LOSS,8445.5,-949.5,34.12,0.87,-0.26,-1.0,-105.5,,528.25,199627.0,425.16,36416978.0,1.2
2024-08-09 04:34,MNQ_NIGHT,SELL,18618.0,18618.0,0.0,14,,Pre_Rev_S,73.0,"{""A5"": 23.63, ""RV"": 1.29, ""Vw"": 0.42, ""NKD"": -1.0}",CLOSED_WIN,9068.5,623.0,23.63,1.29,0.42,-1.0,44.5,,268.0,180186.0,426.11,36927140.0,4.61
2024-08-12 08:09,MNQ_NIGHT,BUY,18672.75,18672.75,0.0,15,,P6_L,20.0,"{""A5"": 13.65, ""RV"": 1.25, ""Vw"": 0.23, ""NKD"": -1.0}",CLOSED_WIN,9676.0,607.5,13.65,1.25,0.23,-1.0,40.5,,178.5,131648.0,426.58,36872304.0,4.72
2024-08-16 08:09,MNQ_NIGHT,SELL,19557.5,19557.5,0.0,15,,P6_S,4.0,"{""A5"": 15.74, ""RV"": 1.35, ""Vw"": -0.28, ""NKD"": 1.0}",CLOSED_WIN,10283.5,607.5,15.74,1.35,-0.28,1.0,40.5,,235.5,168413.0,429.02,36971480.0,9.57
2024-08-27 08:50,MNQ_NIGHT,SELL,19516.75,19516.75,0.0,15,,Pre_Brk_S,14.0,"{""A5"": 15.43, ""RV"": 2.01, ""Vw"": -0.34, ""NKD"": 1.0}",CLOSED_WIN,10891.0,607.5,15.43,2.01,-0.34,1.0,40.5,,205.5,139090.0,433.03,37633374.0,8.95
2024-09-03 08:01,MNQ_NIGHT,SELL,19488.0,19488.0,0.0,15,,Pre_Brk_S,39.0,"{""A5"": 17.72, ""RV"": 1.72, ""Vw"": -0.46, ""NKD"": -1.0}",CLOSED_LOSS,9871.0,-1020.0,17.72,1.72,-0.46,-1.0,-68.0,,313.5,165550.0,434.9,38114114.0,5.09
2024-09-05 08:16,MNQ_NIGHT,SELL,18882.0,18882.0,0.0,15,,Pre_Brk_S,2.0,"{""A5"": 18.48, ""RV"": 5.04, ""Vw"": -0.33, ""NKD"": -1.0}",CLOSED_WIN,10478.5,607.5,18.48,5.04,-0.33,-1.0,40.5,,233.5,183143.0,435.66,38117950.0,4.73
2024-09-06 08:10,MNQ_NIGHT,SELL,18784.75,18784.75,0.0,15,,P6_S,19.0,"{""A5"": 16.7, ""RV"": 1.8, ""Vw"": -0.16, ""NKD"": -1.0}",CLOSED_WIN,11086.0,607.5,16.7,1.8,-0.16,-1.0,40.5,,269.25,232624.0,435.99,38675696.0,1.85
2024-09-10 02:09,MNQ_NIGHT,BUY,18613.75,18613.75,0.0,15,,Judas_L,7.0,"{""A5"": 12.77, ""RV"": 1.26, ""Vw"": -0.29, ""NKD"": -1.0}",CLOSED_WIN,11693.5,607.5,12.77,1.26,-0.29,-1.0,40.5,,239.5,166708.0,436.67,38706852.0,3.95
2024-09-24 04:20,MNQ_NIGHT,SELL,20167.5,20167.5,0.0,15,,Pre_Rev_S,57.0,"{""A5"": 13.18, ""RV"": 1.36, ""Vw"": 0.42, ""NKD"": -1.0}",CLOSED_WIN,12301.0,607.5,13.18,1.36,0.42,-1.0,40.5,,156.75,124193.0,441.15,40018386.0,9.03
2024-09-25 02:16,MNQ_NIGHT,BUY,20089.75,20089.75,0.0,15,,Judas_L,74.0,"{""A5"": 10.88, ""RV"": 1.48, ""Vw"": -0.24, ""NKD"": -1.0}",CLOSED_WIN,12908.5,607.5,10.88,1.48,-0.24,-1.0,40.5,,168.5,121104.0,441.64,40030372.0,9.02
2024-09-27 02:27,MNQ_NIGHT,BUY,20281.0,20281.0,0.0,15,,Judas_L,40.0,"{""A5"": 17.11, ""RV"": 1.39, ""Vw"": -0.21, ""NKD"": 1.0}",CLOSED_WIN,13516.0,607.5,17.11,1.39,-0.21,1.0,40.5,,160.75,138732.0,442.6,39015474.0,8.99
2024-09-30 02:24,MNQ_NIGHT,BUY,20156.5,20156.5,0.0,15,,Judas_L,26.0,"{""A5"": 11.89, ""RV"": 1.1, ""Vw"": -0.28, ""NKD"": -1.0}",CLOSED_WIN,14123.5,607.5,11.89,1.1,-0.28,-1.0,40.5,,167.5,138710.0,443.05,38780238.0,9.17
2024-10-03 09:00,MNQ_NIGHT,SELL,19920.25,19920.25,0.0,15,,Pre_Brk_S,26.0,"{""A5"": 18.05, ""RV"": 2.43, ""Vw"": -0.14, ""NKD"": -1.0}",CLOSED_WIN,14146.0,22.5,18.05,2.43,-0.14,-1.0,1.5,,216.0,150102.0,444.25,38168548.0,7.43
2024-10-07 02:04,MNQ_NIGHT,BUY,20186.0,20186.0,0.0,15,,Judas_L,47.0,"{""A5"": 9.88, ""RV"": 1.07, ""Vw"": -0.21, ""NKD"": 0.0}",CLOSED_WIN,14753.5,607.5,9.88,1.07,-0.21,0.0,40.5,,209.25,148156.0,445.02,37296804.0,7.36
2024-10-09 02:18,MNQ_NIGHT,BUY,20222.0,20222.0,0.0,15,,Judas_L,104.0,"{""A5"": 10.62, ""RV"": 1.01, ""Vw"": -0.17, ""NKD"": 1.0}",CLOSED_WIN,15361.0,607.5,10.62,1.01,-0.17,1.0,40.5,,104.75,118263.0,445.89,36971430.0,9.6
2024-10-22 08:29,MNQ_NIGHT,SELL,20427.0,20427.0,0.0,15,,P6_S,4.0,"{""A5"": 13.14, ""RV"": 1.66, ""Vw"": -0.1, ""NKD"": 0.0}",CLOSED_WIN,15968.5,607.5,13.14,1.66,-0.1,0.0,40.5,,183.75,156043.0,449.92,32120208.0,9.24
2024-10-31 04:04,MNQ_NIGHT,BUY,20307.0,20307.0,0.0,15,,Pre_Rev_L,46.0,"{""A5"": 13.77, ""RV"": 3.91, ""Vw"": -0.48, ""NKD"": 1.0}",CLOSED_WIN,16576.0,607.5,13.77,3.91,-0.48,1.0,40.5,,345.0,207495.0,452.94,31910978.0,5.86
2024-11-19 04:30,MNQ_NIGHT,BUY,20522.5,20522.5,0.0,12,,Pre_Rev_L,7.0,"{""A5"": 25.95, ""RV"": 2.23, ""Vw"": -0.54, ""NKD"": -1.0}",CLOSED_WIN,17158.0,582.0,25.95,2.23,-0.54,-1.0,48.5,,314.5,226071.0,458.22,30322232.0,8.89
2024-11-20 19:35,MNQ_NIGHT,SELL,20685.25,20685.25,0.0,15,,Tokyo_S,14.0,"{""A5"": 20.87, ""RV"": 1.05, ""Vw"": -0.18, ""NKD"": -1.0}",CLOSED_WIN,17765.5,607.5,20.87,1.05,-0.18,-1.0,40.5,,230.25,175457.0,458.6,29756682.0,8.73
2024-12-17 08:04,MNQ_NIGHT,SELL,22334.0,22334.0,0.0,15,,Pre_Brk_S,26.0,"{""A5"": 12.38, ""RV"": 2.07, ""Vw"": -0.21, ""NKD"": -1.0}",CLOSED_WIN,18373.0,607.5,12.38,2.07,-0.21,-1.0,40.5,,147.25,102474.0,466.3,27643786.0,13.87
2024-12-23 08:55,MNQ_NIGHT,SELL,21561.5,21561.5,0.0,14,,P6_S,9.0,"{""A5"": 23.42, ""RV"": 1.44, ""Vw"": -0.42, ""NKD"": 1.0}",CLOSED_LOSS,17344.0,-1029.0,23.42,1.44,-0.42,1.0,-73.5,,197.25,175592.0,467.89,29477504.0,10.92
2024-12-26 04:15,MNQ_NIGHT,BUY,21956.5,21956.5,0.0,15,,Pre_Rev_L,16.0,"{""A5"": 18.65, ""RV"": 2.14, ""Vw"": -0.43, ""NKD"": 1.0}",CLOSED_WIN,17951.5,607.5,18.65,2.14,-0.43,1.0,40.5,,227.5,121687.0,468.8,28993586.0,12.13
2024-12-31 04:28,MNQ_NIGHT,SELL,21493.5,21493.5,0.0,15,,Pre_Rev_S,7.0,"{""A5"": 19.66, ""RV"": 1.54, ""Vw"": 0.42, ""NKD"": -1.0}",CLOSED_WIN,18559.0,607.5,19.66,1.54,0.42,-1.0,40.5,,181.25,123610.0,470.01,29433548.0,7.97
2025-01-14 03:40,MNQ_NIGHT,BUY,21097.25,21097.25,0.0,15,,P6_L,4.0,"{""A5"": 15.01, ""RV"": 1.05, ""Vw"": 0.24, ""NKD"": 1.0}",CLOSED_WIN,19166.5,607.5,15.01,1.05,0.24,1.0,40.5,,199.5,202875.0,472.86,30225292.0,6.03
2025-01-20 08:44,MNQ_NIGHT,BUY,21635.0,21635.0,0.0,15,,P6_L,7.0,"{""A5"": 21.56, ""RV"": 1.07, ""Vw"": 0.22, ""NKD"": -1.0}",CLOSED_WIN,19774.0,607.5,21.56,1.07,0.22,-1.0,40.5,,,,,,
2025-01-26 19:45,MNQ_NIGHT,SELL,21630.25,21630.25,0.0,15,,Tokyo_S,7.0,"{""A5"": 20.42, ""RV"": 0.47, ""Vw"": -0.16, ""NKD"": -1.0}",CLOSED_WIN,20381.5,607.5,20.42,0.47,-0.16,-1.0,40.5,,,,,,
2025-01-29 01:56,MNQ_NIGHT,BUY,21663.5,21663.5,0.0,15,,AsianGrind_L,76.0,"{""A5"": 15.26, ""RV"": 0.59, ""Vw"": 0.28, ""NKD"": 1.0}",CLOSED_WIN,20989.0,607.5,15.26,0.59,0.28,1.0,40.5,,201.0,161713.0,476.99,31022474.0,8.38
2025-01-29 20:02,MNQ_NIGHT,BUY,21586.75,21586.75,0.0,15,,Tokyo_L,12.0,"{""A5"": 19.66, ""RV"": 1.16, ""Vw"": 0.16, ""NKD"": 1.0}",CLOSED_WIN,21596.5,607.5,19.66,1.16,0.16,1.0,40.5,,201.0,161713.0,476.99,31022474.0,8.38
2025-02-06 08:45,MNQ_NIGHT,SELL,21744.25,21744.25,0.0,15,,Pre_Brk_S,11.0,"{""A5"": 14.5, ""RV"": 2.58, ""Vw"": -0.14, ""NKD"": 1.0}",CLOSED_LOSS,20576.5,-1020.0,14.5,2.58,-0.14,1.0,-68.0,,127.0,135473.0,479.93,30573396.0,9.53
2025-02-11 08:17,MNQ_NIGHT,SELL,21734.0,21734.0,0.0,15,,Pre_Brk_S,6.0,"{""A5"": 11.46, ""RV"": 1.74, ""Vw"": -0.16, ""NKD"": 0.0}",CLOSED_WIN,21184.0,607.5,11.46,1.74,-0.16,0.0,40.5,,162.75,128261.0,481.49,30433894.0,8.85
2025-03-04 01:56,MNQ_NIGHT,BUY,20569.25,20569.25,0.0,15,,AsianGrind_L,11.0,"{""A5"": 22.03, ""RV"": 0.62, ""Vw"": 0.19, ""NKD"": 1.0}",CLOSED_LOSS,20141.5,-1042.5,22.03,0.62,0.19,1.0,-69.5,,355.25,282531.0,487.61,34004476.0,0.88
2025-03-05 08:43,MNQ_NIGHT,SELL,20430.5,20430.5,0.0,9,,P6_S,18.0,"{""A5"": 35.31, ""RV"": 1.45, ""Vw"": -0.47, ""NKD"": -1.0}",CLOSED_WIN,20740.0,598.5,35.31,1.45,-0.47,-1.0,66.5,,359.0,230461.0,487.86,33836886.0,2.14
2025-03-06 03:09,MNQ_NIGHT,SELL,20533.5,20533.5,0.0,15,,P6_S,2.0,"{""A5"": 17.41, ""RV"": 1.15, ""Vw"": -0.34, ""NKD"": -1.0}",CLOSED_WIN,21347.5,607.5,17.41,1.15,-0.34,-1.0,40.5,,419.25,205379.0,488.05,34059536.0,-0.71
2025-03-07 08:13,MNQ_NIGHT,SELL,20106.25,20106.25,0.0,15,,P6_S,4.0,"{""A5"": 21.22, ""RV"": 1.46, ""Vw"": -0.32, ""NKD"": -1.0}",CLOSED_WIN,21955.0,607.5,21.22,1.46,-0.32,-1.0,40.5,,249.25,201487.0,488.26,33943230.0,-0.02
2025-03-10 20:12,MNQ_NIGHT,SELL,19284.75,19284.75,0.0,9,,Tokyo_S,36.0,"{""A5"": 33.77, ""RV"": 0.78, ""Vw"": -0.3, ""NKD"": -1.0}",CLOSED_WIN,22526.5,571.5,33.77,0.78,-0.3,-1.0,63.5,,412.25,220434.0,488.36,34883134.0,-3.92
2025-03-11 20:11,MNQ_NIGHT,BUY,19482.25,19482.25,0.0,14,,Tokyo_L,29.0,"{""A5"": 22.31, ""RV"": 1.04, ""Vw"": 0.16, ""NKD"": 1.0}",CLOSED_LOSS,21546.5,-980.0,22.31,1.04,0.16,1.0,-70.0,,459.75,256787.0,488.45,35907186.0,-4.16
2025-03-12 20:43,MNQ_NIGHT,BUY,19661.5,19661.5,0.0,15,,Tokyo_L,25.0,"{""A5"": 16.69, ""RV"": 0.48, ""Vw"": 0.08, ""NKD"": 1.0}",CLOSED_LOSS,20526.5,-1020.0,16.69,0.48,0.08,1.0,-68.0,,401.5,218542.0,488.56,36464798.0,-3.1
2025-03-18 01:16,MNQ_NIGHT,BUY,19941.75,19941.75,0.0,15,,Frank_L,65.0,"{""A5"": 8.92, ""RV"": 0.32, ""Vw"": -0.28, ""NKD"": -1.0}",CLOSED_WIN,21134.0,607.5,8.92,0.32,-0.28,-1.0,40.5,,403.75,124817.0,488.99,37205050.0,-3.67
2025-03-19 03:46,MNQ_NIGHT,SELL,19663.0,19663.0,0.0,15,,P6_S,14.0,"{""A5"": 15.88, ""RV"": 1.0, ""Vw"": -0.37, ""NKD"": -1.0}",CLOSED_LOSS,20114.0,-1020.0,15.88,1.0,-0.37,-1.0,-68.0,,183.5,74554.0,489.15,37432466.0,-2.41
2025-03-20 08:01,MNQ_NIGHT,SELL,19850.25,19850.25,0.0,12,,Pre_Brk_S,25.0,"{""A5"": 26.73, ""RV"": 1.42, ""Vw"": -0.46, ""NKD"": -1.0}",CLOSED_WIN,20714.0,600.0,26.73,1.42,-0.46,-1.0,50.0,,355.5,38449.0,489.3,37445882.0,-2.78
2025-03-21 08:16,MNQ_NIGHT,SELL,19812.25,19812.25,0.0,15,,P6_S,10.0,"{""A5"": 17.91, ""RV"": 1.6, ""Vw"": -0.15, ""NKD"": -1.0}",CLOSED_WIN,21321.5,607.5,17.91,1.6,-0.15,-1.0,40.5,,320.75,7518.0,489.45,37556774.0,-2.48
2025-03-26 02:02,MNQ_NIGHT,BUY,20460.0,20460.0,0.0,15,,Judas_L,59.0,"{""A5"": 6.11, ""RV"": 0.74, ""Vw"": -0.21, ""NKD"": 1.0}",CLOSED_WIN,21929.0,607.5,6.11,0.74,-0.21,1.0,40.5,,230.75,145494.0,489.92,37401274.0,-1.72
2025-03-30 20:07,MNQ_NIGHT,SELL,19220.0,19220.0,0.0,12,,Tokyo_S,5.0,"{""A5"": 26.28, ""RV"": 0.77, ""Vw"": -0.27, ""NKD"": -1.0}",CLOSED_WIN,22523.0,594.0,26.28,0.77,-0.27,-1.0,49.5,,,,,,
2025-04-01 04:41,MNQ_NIGHT,SELL,19451.5,19451.5,0.0,15,,Pre_Rev_S,20.0,"{""A5"": 18.37, ""RV"": 0.53, ""Vw"": 0.4, ""NKD"": -1.0}",CLOSED_LOSS,21503.0,-1020.0,18.37,0.53,0.4,-1.0,-68.0,,227.75,220054.0,490.09,37905842.0,-4.12
2025-04-01 20:13,MNQ_NIGHT,SELL,19589.75,19589.75,0.0,15,,Tokyo_S,12.0,"{""A5"": 19.88, ""RV"": 1.03, ""Vw"": -0.27, ""NKD"": -1.0}",CLOSED_WIN,22110.5,607.5,19.88,1.03,-0.27,-1.0,40.5,,227.75,220054.0,490.09,37905842.0,-4.12
2025-04-08 20:16,MNQ_NIGHT,SELL,16867.0,16867.0,0.0,5,,Tokyo_S,59.0,"{""A5"": 59.93, ""RV"": 1.19, ""Vw"": -0.72, ""NKD"": -1.0}",CLOSED_LOSS,21195.5,-915.0,59.93,1.19,-0.72,-1.0,-183.0,,620.75,260504.0,489.07,44691376.0,-15.43
2025-04-10 04:35,MNQ_NIGHT,BUY,18796.25,18796.25,0.0,5,,Pre_Rev_L,8.0,"{""A5"": 61.18, ""RV"": 1.58, ""Vw"": -1.71, ""NKD"": 1.0}",CLOSED_WIN,21775.5,580.0,61.18,1.58,-1.71,1.0,116.0,,725.5,273652.0,488.89,48519732.0,-9.28
2025-04-14 20:46,MNQ_NIGHT,BUY,18913.25,18913.25,0.0,15,,Tokyo_L,26.0,"{""A5"": 21.11, ""RV"": 1.37, ""Vw"": 0.24, ""NKD"": 1.0}",CLOSED_WIN,22383.0,607.5,21.11,1.37,0.24,1.0,40.5,,324.5,193229.0,488.67,49124502.0,-6.94
2025-04-15 20:14,MNQ_NIGHT,SELL,18690.25,18690.25,0.0,13,,Tokyo_S,19.0,"{""A5"": 25.18, ""RV"": 1.15, ""Vw"": -0.21, ""NKD"": -1.0}",CLOSED_WIN,22994.0,611.0,25.18,1.15,-0.21,-1.0,47.0,,308.5,155864.0,488.57,49020970.0,-6.81
2025-04-16 20:32,MNQ_NIGHT,BUY,18428.75,18428.75,0.0,10,,Tokyo_L,14.0,"{""A5"": 32.49, ""RV"": 0.5, ""Vw"": 0.11, ""NKD"": 1.0}",CLOSED_WIN,23604.0,610.0,32.49,0.5,0.11,1.0,61.0,,356.75,201007.0,488.41,49479646.0,-9.59
2025-04-22 04:34,MNQ_NIGHT,SELL,18100.0,18100.0,0.0,15,,Pre_Rev_S,48.0,"{""A5"": 22.17, ""RV"": 0.6, ""Vw"": 0.45, ""NKD"": 0.0}",CLOSED_WIN,24226.5,622.5,22.17,0.6,0.45,0.0,41.5,,391.25,169222.0,487.75,50901978.0,-9.41
2025-04-23 01:56,MNQ_NIGHT,BUY,18745.0,18745.0,0.0,15,,AsianGrind_L,29.0,"{""A5"": 16.25, ""RV"": 0.9, ""Vw"": 0.18, ""NKD"": 1.0}",CLOSED_WIN,24834.0,607.5,16.25,0.9,0.18,1.0,40.5,,498.5,228985.0,487.55,51600944.0,-7.32
2025-04-23 20:08,MNQ_NIGHT,BUY,18865.25,18865.25,0.0,13,,Tokyo_L,55.0,"{""A5"": 24.38, ""RV"": 1.41, ""Vw"": 0.3, ""NKD"": 1.0}",CLOSED_LOSS,23839.5,-994.5,24.38,1.41,0.3,1.0,-76.5,,498.5,228985.0,487.55,51600944.0,-7.32
2025-04-24 20:45,MNQ_NIGHT,BUY,19435.0,19435.0,0.0,15,,Tokyo_L,8.0,"{""A5"": 18.33, ""RV"": 0.73, ""Vw"": 0.14, ""NKD"": 1.0}",CLOSED_WIN,24447.0,607.5,18.33,0.73,0.14,1.0,40.5,,465.75,191093.0,487.42,52133556.0,-4.68
2025-04-29 08:59,MNQ_NIGHT,SELL,19448.25,19448.25,0.0,13,,Pre_Brk_S,2.0,"{""A5"": 25.22, ""RV"": 2.69, ""Vw"": -0.45, ""NKD"": -1.0}",CLOSED_WIN,25064.5,617.5,25.22,2.69,-0.45,-1.0,47.5,,252.75,173154.0,487.09,52759040.0,-2.95
2025-04-30 20:48,MNQ_NIGHT,BUY,19939.75,19939.75,0.0,15,,Tokyo_L,129.0,"{""A5"": 20.49, ""RV"": 1.02, ""Vw"": 0.15, ""NKD"": 1.0}",CLOSED_LOSS,24044.5,-1020.0,20.49,1.02,0.15,1.0,-68.0,,516.75,208260.0,487.01,53283952.0,-2.95
2025-05-01 20:26,MNQ_NIGHT,BUY,19831.75,19831.75,0.0,13,,Tokyo_L,1.0,"{""A5"": 23.99, ""RV"": 1.27, ""Vw"": 0.19, ""NKD"": 1.0}",CLOSED_WIN,24629.5,585.0,23.99,1.27,0.19,1.0,45.0,,230.75,177745.0,486.95,53756944.0,-1.67
2025-05-06 03:40,MNQ_NIGHT,SELL,19905.0,19905.0,0.0,15,,P6_S,23.0,"{""A5"": 15.5, ""RV"": 1.42, ""Vw"": -0.33, ""NKD"": 1.0}",CLOSED_WIN,25237.0,607.5,15.5,1.42,-0.33,1.0,40.5,,289.75,166836.0,486.97,53504962.0,-1.73
2025-05-09 01:56,MNQ_NIGHT,BUY,20202.5,20202.5,0.0,15,,AsianGrind_L,78.0,"{""A5"": 13.5, ""RV"": 3.32, ""Vw"": 0.24, ""NKD"": 1.0}",CLOSED_LOSS,24217.0,-1020.0,13.5,3.32,0.24,1.0,-68.0,,208.0,142445.0,487.11,52895076.0,-0.42
2025-05-11 20:49,MNQ_NIGHT,BUY,20504.75,20504.75,0.0,14,,Tokyo_L,16.0,"{""A5"": 23.19, ""RV"": 0.47, ""Vw"": 0.27, ""NKD"": 1.0}",CLOSED_WIN,24826.0,609.0,23.19,0.47,0.27,1.0,43.5,,,,,,
2025-05-15 01:54,MNQ_NIGHT,BUY,21322.0,21322.0,0.0,15,,Frank_L,17.0,"{""A5"": 10.92, ""RV"": 0.69, ""Vw"": -0.25, ""NKD"": 0.0}",CLOSED_WIN,25433.5,607.5,10.92,0.69,-0.25,0.0,40.5,,220.0,162462.0,488.21,52676830.0,5.73
2025-05-18 19:33,MNQ_NIGHT,BUY,21382.5,21382.5,0.0,15,,Tokyo_L,10.0,"{""A5"": 20.33, ""RV"": 0.93, ""Vw"": 0.19, ""NKD"": 1.0}",CLOSED_WIN,26041.0,607.5,20.33,0.93,0.19,1.0,40.5,,,,,,
2025-05-21 02:04,MNQ_NIGHT,BUY,21329.25,21329.25,0.0,15,,Judas_L,34.0,"{""A5"": 10.62, ""RV"": 0.87, ""Vw"": -0.29, ""NKD"": -1.0}",CLOSED_LOSS,25021.0,-1020.0,10.62,0.87,-0.29,-1.0,-68.0,,214.25,142897.0,489.44,51817298.0,4.2
2025-05-22 08:01,MNQ_NIGHT,SELL,21081.5,21081.5,0.0,14,,Pre_Brk_S,15.0,"{""A5"": 23.77, ""RV"": 2.52, ""Vw"": -0.45, ""NKD"": 1.0}",CLOSED_WIN,25644.0,623.0,23.77,2.52,-0.45,1.0,44.5,,252.25,177457.0,489.84,51990020.0,4.31
2025-05-23 02:06,MNQ_NIGHT,BUY,21135.75,21135.75,0.0,15,,Judas_L,9.0,"{""A5"": 12.69, ""RV"": 1.48, ""Vw"": -0.19, ""NKD"": -1.0}",CLOSED_LOSS,24624.0,-1020.0,12.69,1.48,-0.19,-1.0,-68.0,,508.75,225134.0,490.2,52226116.0,3.27
2025-05-27 01:10,MNQ_NIGHT,BUY,21167.75,21167.75,0.0,15,,Frank_L,17.0,"{""A5"": 9.53, ""RV"": 1.15, ""Vw"": -0.25, ""NKD"": 1.0}",CLOSED_WIN,25231.5,607.5,9.53,1.15,-0.25,1.0,40.5,,218.25,155169.0,490.64,52299382.0,5.61
2025-06-02 01:37,MNQ_NIGHT,BUY,21225.0,21225.0,0.0,15,,Frank_L,67.0,"{""A5"": 11.56, ""RV"": 0.93, ""Vw"": -0.28, ""NKD"": 1.0}",CLOSED_WIN,25839.0,607.5,11.56,0.93,-0.28,1.0,40.5,,294.75,154159.0,492.01,53490354.0,5.71
2025-06-05 20:37,MNQ_NIGHT,BUY,21573.0,21573.0,0.0,15,,Tokyo_L,67.0,"{""A5"": 18.64, ""RV"": 0.77, ""Vw"": 0.12, ""NKD"": 1.0}",CLOSED_WIN,26446.5,607.5,18.64,0.77,0.12,1.0,40.5,,206.5,154178.0,492.88,54362824.0,5.84
2025-06-12 04:06,MNQ_NIGHT,BUY,21725.0,21725.0,0.0,15,,Pre_Rev_L,2.0,"{""A5"": 19.9, ""RV"": 3.31, ""Vw"": -0.41, ""NKD"": 0.0}",CLOSED_WIN,27054.0,607.5,19.9,3.31,-0.41,0.0,40.5,,181.0,122307.0,494.24,54283008.0,7.34
2025-06-15 19:53,MNQ_NIGHT,BUY,21909.0,21909.0,0.0,10,,Tokyo_L,333.0,"{""A5"": 33.17, ""RV"": 0.92, ""Vw"": 0.27, ""NKD"": 1.0}",CLOSED_WIN,27679.0,625.0,33.17,0.92,0.27,1.0,62.5,,,,,,
2025-06-20 04:12,MNQ_NIGHT,SELL,21944.0,21944.0,0.0,15,,Pre_Rev_S,9.0,"{""A5"": 12.64, ""RV"": 1.56, ""Vw"": 0.56, ""NKD"": 0.0}",CLOSED_WIN,28286.5,607.5,12.64,1.56,0.56,0.0,40.5,,364.0,23609.0,495.66,49103010.0,5.66
2025-06-23 08:02,MNQ_NIGHT,BUY,21839.75,21839.75,0.0,15,,P6_L,33.0,"{""A5"": 19.87, ""RV"": 1.21, ""Vw"": 0.18, ""NKD"": 1.0}",CLOSED_WIN,28894.0,607.5,19.87,1.21,0.18,1.0,40.5,,377.5,164665.0,496.02,47258794.0,6.67
2025-07-01 08:02,MNQ_NIGHT,SELL,22824.5,22824.5,0.0,15,,Pre_Brk_S,8.0,"{""A5"": 9.93, ""RV"": 1.55, ""Vw"": -0.14, ""NKD"": -1.0}",CLOSED_WIN,29501.5,607.5,9.93,1.55,-0.14,-1.0,40.5,,159.0,114509.0,498.7,46445178.0,9.16
2025-07-04 02:09,MNQ_NIGHT,BUY,22990.5,22990.5,0.0,15,,Judas_L,69.0,"{""A5"": 7.63, ""RV"": 1.16, ""Vw"": -0.14, ""NKD"": 0.0}",CLOSED_LOSS,28481.5,-1020.0,7.63,1.16,-0.14,0.0,-68.0,,,,,,
2025-07-09 02:14,MNQ_NIGHT,BUY,22854.75,22854.75,0.0,15,,Judas_L,35.0,"{""A5"": 8.84, ""RV"": 0.9, ""Vw"": -0.14, ""NKD"": 1.0}",CLOSED_WIN,29089.0,607.5,8.84,0.9,-0.14,1.0,40.5,,253.25,114269.0,500.76,45457616.0,10.55
2025-08-01 03:14,MNQ_NIGHT,SELL,23230.0,23230.0,0.0,15,,P6_S,5.0,"{""A5"": 15.19, ""RV"": 1.31, ""Vw"": -0.26, ""NKD"": -1.0}",CLOSED_WIN,29696.5,607.5,15.19,1.31,-0.26,-1.0,40.5,,489.5,282264.0,507.3,46432590.0,8.66
2025-08-20 01:06,MNQ_NIGHT,BUY,23343.25,23343.25,0.0,15,,Frank_L,50.0,"{""A5"": 9.5, ""RV"": 0.93, ""Vw"": -0.25, ""NKD"": -1.0}",CLOSED_WIN,30304.0,607.5,9.5,0.93,-0.25,-1.0,40.5,,339.5,202344.0,512.48,44771130.0,9.89
2025-08-21 08:03,MNQ_NIGHT,SELL,23264.25,23264.25,0.0,15,,P6_S,9.0,"{""A5"": 16.05, ""RV"": 1.35, ""Vw"": -0.23, ""NKD"": -1.0}",CLOSED_WIN,30911.5,607.5,16.05,1.35,-0.23,-1.0,40.5,,193.5,160198.0,512.89,44886572.0,9.3
2025-09-02 03:34,MNQ_NIGHT,SELL,23396.75,23396.75,0.0,15,,P6_S,5.0,"{""A5"": 17.12, ""RV"": 1.44, ""Vw"": -0.28, ""NKD"": 0.0}",CLOSED_WIN,31519.0,607.5,17.12,1.44,-0.28,0.0,40.5,,426.75,265323.0,515.39,44811006.0,9.22
2025-09-19 02:28,MNQ_NIGHT,BUY,24688.75,24688.75,0.0,15,,Judas_L,40.0,"{""A5"": 11.0, ""RV"": 1.45, ""Vw"": -0.12, ""NKD"": -1.0}",CLOSED_LOSS,30499.0,-1020.0,11.0,1.45,-0.12,-1.0,-68.0,,300.5,150001.0,520.61,46990472.0,14.57
2025-10-14 08:01,MNQ_NIGHT,SELL,24634.25,24634.25,0.0,12,,Pre_Brk_S,4.0,"{""A5"": 27.21, ""RV"": 2.11, ""Vw"": -0.44, ""NKD"": -1.0}",CLOSED_WIN,31111.0,612.0,27.21,2.11,-0.44,-1.0,51.0,,623.0,293822.0,527.37,50936768.0,12.98
2025-10-15 01:56,MNQ_NIGHT,BUY,24877.0,24877.0,0.0,15,,AsianGrind_L,42.0,"{""A5"": 14.13, ""RV"": 0.95, ""Vw"": 0.26, ""NKD"": 1.0}",CLOSED_WIN,31718.5,607.5,14.13,0.95,0.26,1.0,40.5,,285.0,171524.0,527.75,51219546.0,13.7
2025-10-20 01:56,MNQ_NIGHT,BUY,25117.0,25117.0,0.0,15,,AsianGrind_L,99.0,"{""A5"": 13.63, ""RV"": 0.59, ""Vw"": 0.27, ""NKD"": 1.0}",CLOSED_WIN,32326.0,607.5,13.63,0.59,0.27,1.0,40.5,,284.25,151074.0,529.1,52564074.0,15.16
2025-10-21 02:10,MNQ_NIGHT,BUY,25278.25,25278.25,0.0,15,,Judas_L,305.0,"{""A5"": 11.52, ""RV"": 0.73, ""Vw"": -0.19, ""NKD"": -1.0}",CLOSED_WIN,32933.5,607.5,11.52,0.73,-0.19,-1.0,40.5,,156.5,131643.0,529.61,52792580.0,15.02
2025-10-23 08:20,MNQ_NIGHT,SELL,24944.0,24944.0,0.0,15,,Pre_Brk_S,27.0,"{""A5"": 17.77, ""RV"": 2.31, ""Vw"": -0.42, ""NKD"": 0.0}",CLOSED_LOSS,31913.5,-1020.0,17.77,2.31,-0.42,0.0,-68.0,,242.75,174826.0,530.5,53211990.0,14.68
2025-10-30 08:41,MNQ_NIGHT,SELL,26134.75,26134.75,0.0,13,,Pre_Brk_S,9.0,"{""A5"": 25.46, ""RV"": 2.13, ""Vw"": -0.44, ""NKD"": 1.0}",CLOSED_WIN,32531.0,617.5,25.46,2.13,-0.44,1.0,47.5,,456.75,240655.0,533.49,53946156.0,16.92
2025-10-30 20:41,MNQ_NIGHT,BUY,26188.25,26188.25,0.0,15,,Tokyo_L,77.0,"{""A5"": 18.01, ""RV"": 1.08, ""Vw"": 0.11, ""NKD"": 1.0}",CLOSED_WIN,33138.5,607.5,18.01,1.08,0.11,1.0,40.5,,456.75,240655.0,533.49,53946156.0,16.92
2025-11-02 19:46,MNQ_NIGHT,BUY,26115.5,26115.5,0.0,15,,Tokyo_L,110.0,"{""A5"": 15.36, ""RV"": 0.66, ""Vw"": 0.14, ""NKD"": 1.0}",CLOSED_LOSS,32118.5,-1020.0,15.36,0.66,0.14,1.0,-68.0,,,,,,
2025-11-04 02:12,MNQ_NIGHT,BUY,25749.25,25749.25,0.0,13,,Judas_L,8.0,"{""A5"": 24.29, ""RV"": 1.29, ""Vw"": -0.62, ""NKD"": -1.0}",CLOSED_WIN,32710.0,591.5,24.29,1.29,-0.62,-1.0,45.5,,459.5,242080.0,535.16,54652286.0,15.29
2025-11-06 20:27,MNQ_NIGHT,SELL,25265.75,25265.75,0.0,13,,Tokyo_S,6.0,"{""A5"": 25.02, ""RV"": 0.83, ""Vw"": -0.17, ""NKD"": -1.0}",CLOSED_WIN,33321.0,611.0,25.02,0.83,-0.17,-1.0,47.0,,312.25,195555.0,536.07,55647756.0,13.69
2025-11-09 20:40,MNQ_NIGHT,BUY,25393.5,25393.5,0.0,14,,Tokyo_L,11.0,"{""A5"": 23.01, ""RV"": 0.94, ""Vw"": 0.22, ""NKD"": 1.0}",CLOSED_WIN,33923.0,602.0,23.01,0.94,0.22,1.0,43.0,,,,,,
2025-11-11 08:01,MNQ_NIGHT,SELL,25595.0,25595.0,0.0,15,,Pre_Brk_S,25.0,"{""A5"": 15.11, ""RV"": 1.26, ""Vw"": -0.32, ""NKD"": -1.0}",CLOSED_WIN,34530.5,607.5,15.11,1.26,-0.32,-1.0,40.5,,208.5,154102.0,537.48,55926336.0,15.22
2025-11-13 09:00,MNQ_NIGHT,SELL,25497.0,25497.0,0.0,13,,Pre_Brk_S,6.0,"{""A5"": 24.92, ""RV"": 2.36, ""Vw"": -0.45, ""NKD"": 1.0}",CLOSED_WIN,35135.0,604.5,24.92,2.36,-0.45,1.0,46.5,,440.5,210738.0,538.43,56266766.0,12.58
2025-11-18 02:07,MNQ_NIGHT,BUY,24618.0,24618.0,0.0,10,,Judas_L,15.0,"{""A5"": 30.92, ""RV"": 1.39, ""Vw"": -0.73, ""NKD"": -1.0}",CLOSED_WIN,35715.0,580.0,30.92,1.39,-0.73,-1.0,58.0,,437.5,283787.0,539.69,57637636.0,10.09
2025-11-19 08:24,MNQ_NIGHT,BUY,24662.25,24662.25,0.0,14,,P6_L,5.0,"{""A5"": 22.5, ""RV"": 1.07, ""Vw"": 0.25, ""NKD"": -1.0}",CLOSED_WIN,36303.0,588.0,22.5,1.07,0.25,-1.0,42.0,,458.75,209824.0,540.07,58113706.0,10.67
2025-11-19 19:33,MNQ_NIGHT,BUY,25150.25,25150.25,0.0,9,,Tokyo_L,149.0,"{""A5"": 33.61, ""RV"": 0.95, ""Vw"": 0.31, ""NKD"": 1.0}",CLOSED_WIN,36874.5,571.5,33.61,0.95,0.31,1.0,63.5,,458.75,209824.0,540.07,58113706.0,10.67
2025-11-25 08:45,MNQ_NIGHT,SELL,24875.5,24875.5,0.0,12,,P6_S,23.0,"{""A5"": 27.62, ""RV"": 1.92, ""Vw"": -0.14, ""NKD"": -1.0}",CLOSED_WIN,37498.5,624.0,27.62,1.92,-0.14,-1.0,52.0,,384.5,219128.0,541.51,61354152.0,12.03
2025-12-09 08:16,MNQ_NIGHT,SELL,25645.75,25645.75,0.0,15,,P6_S,18.0,"{""A5"": 13.58, ""RV"": 1.96, ""Vw"": -0.14, ""NKD"": 1.0}",CLOSED_WIN,38106.0,607.5,13.58,1.96,-0.14,1.0,40.5,,169.5,122673.0,545.59,58477914.0,14.15
2025-12-17 01:56,MNQ_NIGHT,BUY,25403.5,25403.5,0.0,15,,AsianGrind_L,16.0,"{""A5"": 14.75, ""RV"": 0.76, ""Vw"": 0.26, ""NKD"": 1.0}",CLOSED_WIN,38713.5,607.5,14.75,0.76,0.26,1.0,40.5,,497.0,210463.0,548.94,60077028.0,8.98
2025-12-23 08:36,MNQ_NIGHT,SELL,25648.5,25648.5,0.0,15,,Pre_Brk_S,3.0,"{""A5"": 11.05, ""RV"": 7.28, ""Vw"": -0.18, ""NKD"": 0.0}",CLOSED_WIN,39321.0,607.5,11.05,7.28,-0.18,0.0,40.5,,143.0,112250.0,551.54,59365046.0,12.53
2025-12-30 02:22,MNQ_NIGHT,BUY,25697.25,25697.25,0.0,15,,Judas_L,41.0,"{""A5"": 7.33, ""RV"": 1.34, ""Vw"": -0.11, ""NKD"": -1.0}",CLOSED_WIN,39928.5,607.5,7.33,1.34,-0.11,-1.0,40.5,,100.5,92510.0,554.54,56087006.0,11.44
2026-01-02 04:03,MNQ_NIGHT,SELL,25720.75,25720.75,0.0,15,,Pre_Rev_S,181.0,"{""A5"": 12.65, ""RV"": 1.25, ""Vw"": 0.48, ""NKD"": -1.0}",CLOSED_WIN,40536.0,607.5,12.65,1.25,0.48,-1.0,40.5,,191.25,122046.0,555.91,56333122.0,10.03
2026-01-12 01:21,MNQ_NIGHT,BUY,25708.5,25708.5,0.0,15,,Frank_L,43.0,"{""A5"": 12.0, ""RV"": 0.97, ""Vw"": -0.29, ""NKD"": 1.0}",CLOSED_WIN,41143.5,607.5,12.0,0.97,-0.29,1.0,40.5,,291.25,193172.0,560.11,55086858.0,11.71
2026-01-13 08:54,MNQ_NIGHT,BUY,25963.25,25963.25,0.0,13,,P6_L,26.0,"{""A5"": 24.77, ""RV"": 1.25, ""Vw"": 0.17, ""NKD"": -1.0}",CLOSED_WIN,41748.0,604.5,24.77,1.25,0.17,-1.0,46.5,,199.75,164798.0,560.84,54743914.0,11.4
2026-01-19 08:04,MNQ_NIGHT,SELL,25323.5,25323.5,0.0,15,,P6_S,14.0,"{""A5"": 16.67, ""RV"": 1.36, ""Vw"": -0.21, ""NKD"": 1.0}",CLOSED_WIN,42355.5,607.5,16.67,1.36,-0.21,1.0,40.5,,,,,,
2026-01-20 04:34,MNQ_NIGHT,BUY,25118.5,25118.5,0.0,11,,Pre_Rev_L,37.0,"{""A5"": 28.79, ""RV"": 1.51, ""Vw"": -0.88, ""NKD"": 0.0}",CLOSED_WIN,42949.5,594.0,28.79,1.51,-0.88,0.0,54.0,,317.25,225407.0,563.79,55815952.0,7.6
2026-01-21 08:11,MNQ_NIGHT,SELL,25101.0,25101.0,0.0,14,,P6_S,10.0,"{""A5"": 22.48, ""RV"": 1.2, ""Vw"": -0.23, ""NKD"": 1.0}",CLOSED_WIN,43537.5,588.0,22.48,1.2,-0.23,1.0,42.0,,314.25,229388.0,564.63,55970408.0,8.89
2026-02-02 20:21,MNQ_NIGHT,BUY,25987.5,25987.5,0.0,15,,Tokyo_L,27.0,"{""A5"": 16.45, ""RV"": 0.93, ""Vw"": 0.15, ""NKD"": 1.0}",CLOSED_LOSS,42517.5,-1020.0,16.45,0.93,0.15,1.0,-68.0,,,,,,
2026-02-04 08:49,MNQ_NIGHT,SELL,25358.25,25358.25,0.0,14,,P6_S,15.0,"{""A5"": 23.69, ""RV"": 1.76, ""Vw"": -0.27, ""NKD"": -1.0}",CLOSED_WIN,43140.5,623.0,23.69,1.76,-0.27,-1.0,44.5,,328.25,186816.0,573.68,52965416.0,5.34
2026-02-04 19:47,MNQ_NIGHT,BUY,25129.5,25129.5,0.0,9,,Tokyo_L,29.0,"{""A5"": 33.72, ""RV"": 0.65, ""Vw"": 0.17, ""NKD"": 1.0}",CLOSED_WIN,43712.0,571.5,33.72,0.65,0.17,1.0,63.5,,328.25,186816.0,573.68,52965416.0,5.34
2026-02-06 04:17,MNQ_NIGHT,SELL,24668.25,24668.25,0.0,9,,Pre_Rev_S,2.0,"{""A5"": 34.26, ""RV"": 1.24, ""Vw"": 0.81, ""NKD"": 1.0}",CLOSED_WIN,44292.5,580.5,34.26,1.24,0.81,1.0,64.5,,744.25,261190.0,575.34,53042646.0,5.71
2026-02-09 08:29,MNQ_NIGHT,SELL,25113.75,25113.75,0.0,13,,P6_S,19.0,"{""A5"": 24.34, ""RV"": 1.36, ""Vw"": -0.21, ""NKD"": -1.0}",CLOSED_WIN,44884.0,591.5,24.34,1.36,-0.21,-1.0,45.5,,391.0,200528.0,576.15,53027380.0,6.37
2026-02-13 08:14,MNQ_NIGHT,SELL,24627.0,24627.0,0.0,9,,P6_S,9.0,"{""A5"": 34.11, ""RV"": 1.95, ""Vw"": -0.49, ""NKD"": -1.0}",CLOSED_LOSS,43934.5,-949.5,34.11,1.95,-0.49,-1.0,-105.5,,286.0,288437.0,578.87,55071440.0,3.74
2026-02-16 03:31,MNQ_NIGHT,BUY,24877.25,24877.25,0.0,15,,P6_L,16.0,"{""A5"": 15.14, ""RV"": 1.12, ""Vw"": 0.18, ""NKD"": -1.0}",CLOSED_WIN,44542.0,607.5,15.14,1.12,0.18,-1.0,40.5,,,,,,
2026-02-17 08:07,MNQ_NIGHT,SELL,24548.75,24548.75,0.0,14,,Pre_Brk_S,5.0,"{""A5"": 23.11, ""RV"": 2.8, ""Vw"": -0.73, ""NKD"": 1.0}",CLOSED_WIN,45151.0,609.0,23.11,2.8,-0.73,1.0,43.5,,340.75,169167.0,579.51,55494884.0,3.52
2026-02-19 04:49,MNQ_NIGHT,BUY,24862.25,24862.25,0.0,14,,Pre_Rev_L,3.0,"{""A5"": 22.83, ""RV"": 0.95, ""Vw"": -0.45, ""NKD"": -1.0}",CLOSED_WIN,45746.0,595.0,22.83,0.95,-0.45,-1.0,42.5,,291.0,162888.0,580.71,55985474.0,3.67
2026-02-23 20:42,MNQ_NIGHT,BUY,24826.0,24826.0,0.0,15,,Tokyo_L,38.0,"{""A5"": 18.49, ""RV"": 1.01, ""Vw"": 0.09, ""NKD"": 1.0}",CLOSED_WIN,46353.5,607.5,18.49,1.01,0.09,1.0,40.5,,250.5,191385.0,581.94,57132834.0,3.1
2026-03-02 02:11,MNQ_NIGHT,BUY,24565.75,24565.75,0.0,10,,Judas_L,49.0,"{""A5"": 31.26, ""RV"": 1.35, ""Vw"": -0.77, ""NKD"": 0.0}",CLOSED_LOSS,45383.5,-970.0,31.26,1.35,-0.77,0.0,-97.0,,424.25,259841.0,584.81,58275818.0,3.74
2026-03-03 04:53,MNQ_NIGHT,BUY,24467.25,24467.25,0.0,8,,Pre_Rev_L,40.0,"{""A5"": 38.35, ""RV"": 1.5, ""Vw"": -1.12, ""NKD"": -1.0}",CLOSED_LOSS,44435.5,-948.0,38.35,1.5,-1.12,-1.0,-118.5,,641.0,297883.0,585.23,58803042.0,2.55
2026-03-08 20:07,MNQ_NIGHT,SELL,24213.0,24213.0,0.0,8,,Tokyo_S,12.0,"{""A5"": 39.77, ""RV"": 1.06, ""Vw"": -0.2, ""NKD"": -1.0}",CLOSED_WIN,45035.5,600.0,39.77,1.06,-0.2,-1.0,75.0,,,,,,
2026-03-10 04:06,MNQ_NIGHT,SELL,25091.25,25091.25,0.0,13,,Pre_Rev_S,2.0,"{""A5"": 25.31, ""RV"": 1.58, ""Vw"": 0.6, ""NKD"": 0.0}",CLOSED_LOSS,44008.5,-1027.0,25.31,1.58,0.6,0.0,-79.0,,320.5,177746.0,587.47,62032200.0,3.21
2026-03-11 08:38,MNQ_NIGHT,SELL,24947.25,24947.25,0.0,9,,P6_S,9.0,"{""A5"": 35.14, ""RV"": 1.18, ""Vw"": -0.25, ""NKD"": -1.0}",CLOSED_WIN,44602.5,594.0,35.14,1.18,-0.25,-1.0,66.0,,229.25,147970.0,587.95,62655300.0,3.11
2026-03-15 20:23,MNQ_NIGHT,BUY,24500.0,24500.0,0.0,11,,Tokyo_L,206.0,"{""A5"": 29.35, ""RV"": 0.65, ""Vw"": 0.3, ""NKD"": 1.0}",CLOSED_WIN,45207.5,605.0,29.35,0.65,0.3,1.0,55.0,,,,,,
2026-03-19 04:45,MNQ_NIGHT,BUY,24508.75,24508.75,0.0,10,,Pre_Rev_L,7.0,"{""A5"": 30.86, ""RV"": 0.72, ""Vw"": -0.44, ""NKD"": -1.0}",CLOSED_WIN,45787.5,580.0,30.86,0.72,-0.44,-1.0,58.0,,398.5,239238.0,590.35,64787996.0,0.22
2026-03-24 20:34,MNQ_NIGHT,BUY,24459.5,24459.5,0.0,12,,Tokyo_L,4.0,"{""A5"": 25.64, ""RV"": 1.15, ""Vw"": 0.15, ""NKD"": 1.0}",CLOSED_WIN,46363.5,576.0,25.64,1.15,0.15,1.0,48.0,,373.25,186335.0,591.25,66680932.0,-1.34
2026-03-26 04:16,MNQ_NIGHT,BUY,24215.75,24215.75,0.0,12,,Pre_Rev_L,28.0,"{""A5"": 26.41, ""RV"": 2.18, ""Vw"": -0.41, ""NKD"": 0.0}",CLOSED_LOSS,45373.5,-990.0,26.41,2.18,-0.41,0.0,-82.5,,357.25,180096.0,591.78,67882882.0,-3.15
2026-03-27 01:56,MNQ_NIGHT,BUY,23939.5,23939.5,0.0,15,,AsianGrind_L,51.0,"{""A5"": 14.91, ""RV"": 0.39, ""Vw"": 0.28, ""NKD"": 1.0}",CLOSED_LOSS,44353.5,-1020.0,14.91,0.39,0.28,1.0,-68.0,,506.0,195605.0,591.93,68084952.0,-5.06
2026-03-29 20:13,MNQ_NIGHT,SELL,23128.0,23128.0,0.0,10,,Tokyo_S,5.0,"{""A5"": 33.15, ""RV"": 0.95, ""Vw"": -0.18, ""NKD"": -1.0}",CLOSED_LOSS,43328.5,-1025.0,33.15,0.95,-0.18,-1.0,-102.5,,,,,,
2026-03-31 04:07,MNQ_NIGHT,SELL,23382.75,23382.75,0.0,11,,Pre_Rev_S,4.0,"{""A5"": 28.69, ""RV"": 0.92, ""Vw"": 0.66, ""NKD"": -1.0}",CLOSED_WIN,43922.5,594.0,28.69,0.92,0.66,-1.0,54.0,,613.5,253564.0,592.31,69114704.0,-2.66
2026-04-01 01:56,MNQ_NIGHT,BUY,24052.0,24052.0,0.0,15,,AsianGrind_L,16.0,"{""A5"": 15.53, ""RV"": 0.77, ""Vw"": 0.23, ""NKD"": 1.0}",CLOSED_WIN,44530.0,607.5,15.53,0.77,0.23,1.0,40.5,,366.0,213887.0,592.61,69063628.0,-1.51
2026-04-02 08:01,MNQ_NIGHT,SELL,23683.25,23683.25,0.0,14,,Pre_Brk_S,20.0,"{""A5"": 23.36, ""RV"": 2.59, ""Vw"": -1.02, ""NKD"": -1.0}",CLOSED_LOSS,43501.0,-1029.0,23.36,2.59,-1.02,-1.0,-73.5,,579.75,211781.0,592.87,68485704.0,-1.44
2026-04-02 20:42,MNQ_NIGHT,BUY,24219.25,24219.25,0.0,15,,Tokyo_L,102.0,"{""A5"": 15.23, ""RV"": 0.63, ""Vw"": 0.02, ""NKD"": 1.0}",CLOSED_LOSS,42481.0,-1020.0,15.23,0.63,0.02,1.0,-68.0,,579.75,211781.0,592.87,68485704.0,-1.44
2026-04-07 04:34,MNQ_NIGHT,SELL,24367.75,24367.75,0.0,12,,Pre_Rev_S,53.0,"{""A5"": 27.38, ""RV"": 0.72, ""Vw"": 0.43, ""NKD"": 1.0}",CLOSED_LOSS,41455.0,-1026.0,27.38,0.72,0.43,1.0,-85.5,,304.0,176934.0,593.49,68468826.0,-0.93
2026-04-09 03:44,MNQ_NIGHT,SELL,24977.5,24977.5,0.0,15,,P6_S,27.0,"{""A5"": 15.02, ""RV"": 1.51, ""Vw"": -0.17, ""NKD"": 0.0}",CLOSED_WIN,42062.5,607.5,15.02,1.51,-0.17,0.0,40.5,,158.5,151057.0,594.3,68987692.0,2.56
2026-04-20 08:17,MNQ_NIGHT,BUY,26719.5,26719.5,0.0,15,,P6_L,26.0,"{""A5"": 15.44, ""RV"": 1.24, ""Vw"": 0.2, ""NKD"": -1.0}",CLOSED_WIN,42670.0,607.5,15.44,1.24,0.2,-1.0,40.5,,219.5,164556.0,597.4,65032416.0,8.15
2026-04-28 08:01,MNQ_NIGHT,SELL,27086.75,27086.75,0.0,11,,Pre_Brk_S,21.0,"{""A5"": 28.07, ""RV"": 1.53, ""Vw"": -0.91, ""NKD"": -1.0}",CLOSED_WIN,43247.5,577.5,28.07,1.53,-0.91,-1.0,52.5,,475.5,228817.0,600.51,61663004.0,9.38
2026-04-30 02:09,MNQ_NIGHT,BUY,27205.0,27205.0,0.0,12,,Judas_L,16.0,"{""A5"": 27.18, ""RV"": 1.27, ""Vw"": -0.82, ""NKD"": -1.0}",CLOSED_WIN,43859.5,612.0,27.18,1.27,-0.82,-1.0,51.0,,437.5,260717.0,601.61,60444656.0,10.87
2026-05-01 08:10,MNQ_NIGHT,SELL,27552.75,27552.75,0.0,15,,P6_S,3.0,"{""A5"": 13.85, ""RV"": 1.06, ""Vw"": -0.18, ""NKD"": -1.0}",CLOSED_LOSS,42839.5,-1020.0,13.85,1.06,-0.18,-1.0,-68.0,,339.5,150467.0,602.2,60008892.0,11.82
2026-05-06 08:20,MNQ_NIGHT,BUY,28482.0,28482.0,0.0,9,,P6_L,44.0,"{""A5"": 36.1, ""RV"": 1.07, ""Vw"": 0.25, ""NKD"": -1.0}",CLOSED_LOSS,41836.0,-1003.5,36.1,1.07,0.25,-1.0,-111.5,,391.25,267454.0,604.05,58357122.0,15.06
2026-05-12 04:13,MNQ_NIGHT,BUY,29189.25,29189.25,0.0,15,,Pre_Rev_L,10.0,"{""A5"": 20.43, ""RV"": 1.32, ""Vw"": -0.44, ""NKD"": 1.0}",CLOSED_WIN,42443.5,607.5,20.43,1.32,-0.44,1.0,40.5,,346.0,228949.0,606.94,55851366.0,16.4
2026-05-14 08:52,MNQ_NIGHT,SELL,29512.75,29512.75,0.0,13,,P6_S,2.0,"{""A5"": 23.9, ""RV"": 1.51, ""Vw"": -0.25, ""NKD"": -1.0}",CLOSED_WIN,43028.5,585.0,23.9,1.51,-0.25,-1.0,45.0,,244.75,214603.0,608.45,53958978.0,18.17
2026-05-15 02:22,MNQ_NIGHT,BUY,29300.5,29300.5,0.0,9,,Judas_L,8.0,"{""A5"": 35.47, ""RV"": 1.17, ""Vw"": -0.8, ""NKD"": -1.0}",CLOSED_WIN,43631.5,603.0,35.47,1.17,-0.8,-1.0,67.0,,644.25,314820.0,609.17,53202784.0,16.25
2026-05-17 19:57,MNQ_NIGHT,SELL,29098.75,29098.75,0.0,7,,Tokyo_S,8.0,"{""A5"": 46.27, ""RV"": 1.09, ""Vw"": -0.28, ""NKD"": -1.0}",CLOSED_WIN,44244.0,612.5,46.27,1.09,-0.28,-1.0,87.5,,,,,,
2026-05-19 08:13,MNQ_NIGHT,SELL,28879.5,28879.5,0.0,10,,P6_S,13.0,"{""A5"": 30.64, ""RV"": 1.1, ""Vw"": -0.42, ""NKD"": 0.0}",CLOSED_WIN,44819.0,575.0,30.64,1.1,-0.42,0.0,57.5,,385.75,259611.0,610.63,51548614.0,14.76
2026-05-19 20:13,MNQ_NIGHT,SELL,28861.75,28861.75,0.0,10,,Tokyo_S,0.0,"{""A5"": 31.92, ""RV"": 1.12, ""Vw"": -0.23, ""NKD"": -1.0}",CLOSED_WIN,45419.0,600.0,31.92,1.12,-0.23,-1.0,60.0,,385.75,259611.0,610.63,51548614.0,14.76
2026-05-25 20:17,MNQ_NIGHT,SELL,29826.5,29826.5,0.0,12,,Tokyo_S,52.0,"{""A5"": 25.78, ""RV"": 0.63, ""Vw"": -0.3, ""NKD"": -1.0}",CLOSED_WIN,46001.0,582.0,25.78,0.63,-0.3,-1.0,48.5,,,,,,
2026-05-31 19:56,MNQ_NIGHT,BUY,30481.5,30481.5,0.0,15,,Tokyo_L,6.0,"{""A5"": 18.81, ""RV"": 0.77, ""Vw"": 0.13, ""NKD"": 1.0}",CLOSED_WIN,46608.5,607.5,18.81,0.77,0.13,1.0,40.5,,,,,,
2026-06-02 01:56,MNQ_NIGHT,BUY,30464.75,30464.75,0.0,15,,AsianGrind_L,5.0,"{""A5"": 16.87, ""RV"": 0.91, ""Vw"": 0.19, ""NKD"": 1.0}",CLOSED_WIN,47216.0,607.5,16.87,0.91,0.19,1.0,40.5,,287.0,188457.0,617.81,46169098.0,20.64
2026-06-04 08:01,MNQ_NIGHT,SELL,30276.0,30276.0,0.0,9,,Pre_Brk_S,10.0,"{""A5"": 36.12, ""RV"": 1.24, ""Vw"": -0.38, ""NKD"": 1.0}",CLOSED_WIN,47828.0,612.0,36.12,1.24,-0.38,1.0,68.0,,380.25,269158.0,619.48,44836414.0,19.42
2026-06-09 04:16,MNQ_NIGHT,SELL,29665.75,29665.75,0.0,10,,Pre_Rev_S,44.0,"{""A5"": 31.02, ""RV"": 1.13, ""Vw"": 0.6, ""NKD"": 1.0}",CLOSED_WIN,48413.0,585.0,31.02,1.13,0.6,1.0,58.5,,544.75,222726.0,621.66,45121824.0,13.74
2026-06-11 20:25,MNQ_NIGHT,BUY,29591.5,29591.5,0.0,9,,Tokyo_L,5.0,"{""A5"": 34.46, ""RV"": 0.83, ""Vw"": 0.15, ""NKD"": 1.0}",CLOSED_WIN,48998.0,585.0,34.46,0.83,0.15,1.0,65.0,,751.0,241098.0,623.03,44534876.0,14.98
2026-06-17 01:56,MNQ_NIGHT,BUY,30498.25,30498.25,0.0,15,,AsianGrind_L,11.0,"{""A5"": 14.59, ""RV"": 2.33, ""Vw"": 0.28, ""NKD"": 1.0}",CLOSED_WIN,49605.5,607.5,14.59,2.33,0.28,1.0,40.5,,278.0,153887.0,626.18,44124138.0,15.26
2026-06-21 20:58,MNQ_NIGHT,BUY,30619.25,30619.25,0.0,8,,Tokyo_L,27.0,"{""A5"": 38.96, ""RV"": 0.54, ""Vw"": 0.11, ""NKD"": 1.0}",CLOSED_WIN,50193.5,588.0,38.96,0.54,0.11,1.0,73.5,,,,,,
2026-06-23 02:02,MNQ_NIGHT,BUY,30099.5,30099.5,0.0,10,,Judas_L,2.0,"{""A5"": 32.98, ""RV"": 1.02, ""Vw"": -1.09, ""NKD"": -1.0}",CLOSED_WIN,50813.5,620.0,32.98,1.02,-1.09,-1.0,62.0,,1084.75,310503.0,628.63,44365446.0,13.52
2026-06-24 01:56,MNQ_NIGHT,BUY,29815.5,29815.5,0.0,9,,AsianGrind_L,14.0,"{""A5"": 33.61, ""RV"": 0.54, ""Vw"": 0.18, ""NKD"": 1.0}",CLOSED_WIN,51385.0,571.5,33.61,0.54,0.18,1.0,63.5,,306.25,58098.0,629.31,44749588.0,12.92
2026-06-25 01:56,MNQ_NIGHT,BUY,30090.0,30090.0,0.0,15,,AsianGrind_L,7.0,"{""A5"": 20.95, ""RV"": 1.54, ""Vw"": 0.19, ""NKD"": 1.0}",CLOSED_WIN,51992.5,607.5,20.95,1.54,0.19,1.0,40.5,,,,,,
